
insert into user
(id, username, password, first_name, last_name, email)
values
(1,'user1','$2a$10$NzPkvUN96SHR/UADqjR6EuKX9R1nLwoCuoB.ABcWduCYzpN/T.oE2','Noelle','Wood','ligula.Aenean@purus.co.uk'),
       (2,'user2','$2a$10$CCakI6tHwHJRWW1jHLwAr.iREOcvfy2X6/Zb87z4kCOfRFz7NcQ/y','Wade','Maddox','mus@ultricessitamet.net'),
       (3,'user3','$2a$10$CCakI6tHwHJRWW1jHLwAr.iREOcvfy2X6/Zb87z4kCOfRFz7NcQ/y','Brandon','Newman','Curabitur.egestas.nunc@Integer.com'),
       (4,'user4','$2a$10$CCakI6tHwHJRWW1jHLwAr.iREOcvfy2X6/Zb87z4kCOfRFz7NcQ/y','Sonia','Hancock','felis.adipiscing@Nullasemper.net'),
       (5,'user5','$2a$10$CCakI6tHwHJRWW1jHLwAr.iREOcvfy2X6/Zb87z4kCOfRFz7NcQ/y','Yuli','Perkins','Etiam.ligula.tortor@antelectusconvallis.com'),
       (6,'user6','$2a$10$CCakI6tHwHJRWW1jHLwAr.iREOcvfy2X6/Zb87z4kCOfRFz7NcQ/y','Neil','Cole','justo.Proin@pedeac.edu'),
       (7,'user7','$2a$10$CCakI6tHwHJRWW1jHLwAr.iREOcvfy2X6/Zb87z4kCOfRFz7NcQ/y','Lewis','Ballard','at.velit.Pellentesque@dapibusquam.co.uk'),
       (8,'user8','$2a$10$CCakI6tHwHJRWW1jHLwAr.iREOcvfy2X6/Zb87z4kCOfRFz7NcQ/y','Wallace','Holmes','nonummy@semper.com'),
       (9,'user9','$2a$10$CCakI6tHwHJRWW1jHLwAr.iREOcvfy2X6/Zb87z4kCOfRFz7NcQ/y','Casey','Knight','erat@tempusmauris.net'),
       (10,'user10','$2a$10$CCakI6tHwHJRWW1jHLwAr.iREOcvfy2X6/Zb87z4kCOfRFz7NcQ/y','Lacy','Robinson','enim@gravidaPraesent.ca'),
       (11,'user11','$2a$10$CCakI6tHwHJRWW1jHLwAr.iREOcvfy2X6/Zb87z4kCOfRFz7NcQ/y','Peter','Daniel','consectetuer.adipiscing@sit.net'),
       (12,'user12','$2a$10$CCakI6tHwHJRWW1jHLwAr.iREOcvfy2X6/Zb87z4kCOfRFz7NcQ/y','Hillary','Bridges','sociis.natoque.penatibus@morbitristique.ca'),
       (13,'user13','$2a$10$CCakI6tHwHJRWW1jHLwAr.iREOcvfy2X6/Zb87z4kCOfRFz7NcQ/y','Luke','Morrow','tristique.pellentesque.tellus@eu.co.uk'),
       (14,'user14','$2a$10$CCakI6tHwHJRWW1jHLwAr.iREOcvfy2X6/Zb87z4kCOfRFz7NcQ/y','Zachery','Ray','lacus.Etiam@Aeneanegetmagna.ca'),
       (15,'user15','$2a$10$CCakI6tHwHJRWW1jHLwAr.iREOcvfy2X6/Zb87z4kCOfRFz7NcQ/y','Ainsley','Knapp','elit.pharetra@arcuiaculisenim.org'),
       (16,'user16','$2a$10$CCakI6tHwHJRWW1jHLwAr.iREOcvfy2X6/Zb87z4kCOfRFz7NcQ/y','Rooney','Justice','eget.odio@loremut.edu'),
       (17,'user17','$2a$10$CCakI6tHwHJRWW1jHLwAr.iREOcvfy2X6/Zb87z4kCOfRFz7NcQ/y','Fitzgerald','Reilly','elit.erat@diamluctuslobortis.edu'),
       (18,'user18','$2a$10$CCakI6tHwHJRWW1jHLwAr.iREOcvfy2X6/Zb87z4kCOfRFz7NcQ/y','Colby','Welch','sit.amet@seddui.org'),
       (19,'user19','$2a$10$CCakI6tHwHJRWW1jHLwAr.iREOcvfy2X6/Zb87z4kCOfRFz7NcQ/y','Rajah','Donaldson','neque.In@arcu.ca'),
       (20,'user20','$2a$10$CCakI6tHwHJRWW1jHLwAr.iREOcvfy2X6/Zb87z4kCOfRFz7NcQ/y','Paloma','Anderson','molestie.orci.tincidunt@duinec.org'),
       (21,'user21','$2a$10$CCakI6tHwHJRWW1jHLwAr.iREOcvfy2X6/Zb87z4kCOfRFz7NcQ/y','Miranda','Snyder','est.tempor@nislQuisque.com'),
       (22,'user22','$2a$10$CCakI6tHwHJRWW1jHLwAr.iREOcvfy2X6/Zb87z4kCOfRFz7NcQ/y','Leah','Reeves','pellentesque.Sed@lacusNullatincidunt.edu'),
       (23,'user23','$2a$10$CCakI6tHwHJRWW1jHLwAr.iREOcvfy2X6/Zb87z4kCOfRFz7NcQ/y','Otto','Blackwell','elit.elit@velsapienimperdiet.net'),
       (24,'user24','$2a$10$CCakI6tHwHJRWW1jHLwAr.iREOcvfy2X6/Zb87z4kCOfRFz7NcQ/y','Russell','Wise','ac.feugiat@elitAliquamauctor.ca'),
       (25,'user25','$2a$10$CCakI6tHwHJRWW1jHLwAr.iREOcvfy2X6/Zb87z4kCOfRFz7NcQ/y','Phyllis','Mcmillan','tristique.pharetra.Quisque@nunc.co.uk'),
       (26,'user26','$2a$10$CCakI6tHwHJRWW1jHLwAr.iREOcvfy2X6/Zb87z4kCOfRFz7NcQ/y','Zachary','Slater','quis.pede.Praesent@laciniaatiaculis.co.uk'),
       (27,'user27','$2a$10$CCakI6tHwHJRWW1jHLwAr.iREOcvfy2X6/Zb87z4kCOfRFz7NcQ/y','Noah','Goodman','mauris.id@Nullamlobortisquam.edu'),
       (28,'user28','$2a$10$CCakI6tHwHJRWW1jHLwAr.iREOcvfy2X6/Zb87z4kCOfRFz7NcQ/y','Davis','Roy','senectus.et@eutemporerat.co.uk'),
       (29,'user29','$2a$10$CCakI6tHwHJRWW1jHLwAr.iREOcvfy2X6/Zb87z4kCOfRFz7NcQ/y','Carol','Riley','aliquam@lacusCras.net'),
       (30,'user30','$2a$10$CCakI6tHwHJRWW1jHLwAr.iREOcvfy2X6/Zb87z4kCOfRFz7NcQ/y','Linda','Mcfadden','enim@estNunc.net'),
       (31,'user31','$2a$10$CCakI6tHwHJRWW1jHLwAr.iREOcvfy2X6/Zb87z4kCOfRFz7NcQ/y','Quinn','Adams','quam.vel@ametmassa.com'),
       (32,'user32','$2a$10$CCakI6tHwHJRWW1jHLwAr.iREOcvfy2X6/Zb87z4kCOfRFz7NcQ/y','Veda','Hensley','et.eros@elementumpurus.net'),
       (33,'user33','$2a$10$CCakI6tHwHJRWW1jHLwAr.iREOcvfy2X6/Zb87z4kCOfRFz7NcQ/y','Rae','Bryant','urna.convallis@disparturient.org'),
       (34,'user34','$2a$10$CCakI6tHwHJRWW1jHLwAr.iREOcvfy2X6/Zb87z4kCOfRFz7NcQ/y','Mariko','Rogers','vitae.erat.Vivamus@consectetueripsum.org'),
       (35,'user35','$2a$10$CCakI6tHwHJRWW1jHLwAr.iREOcvfy2X6/Zb87z4kCOfRFz7NcQ/y','Sybill','Crawford','Aliquam@lacus.ca'),
       (36,'user36','$2a$10$CCakI6tHwHJRWW1jHLwAr.iREOcvfy2X6/Zb87z4kCOfRFz7NcQ/y','Chantale','Waters','magna@SuspendisseeleifendCras.ca'),
       (37,'user37','$2a$10$CCakI6tHwHJRWW1jHLwAr.iREOcvfy2X6/Zb87z4kCOfRFz7NcQ/y','Josephine','Mccullough','Sed.dictum@miAliquam.com'),
       (38,'user38','$2a$10$CCakI6tHwHJRWW1jHLwAr.iREOcvfy2X6/Zb87z4kCOfRFz7NcQ/y','Perry','Estrada','egestas@velsapien.edu'),
       (39,'user39','$2a$10$CCakI6tHwHJRWW1jHLwAr.iREOcvfy2X6/Zb87z4kCOfRFz7NcQ/y','Charity','Zimmerman','urna.Nullam.lobortis@erosnectellus.com'),
       (40,'user40','$2a$10$CCakI6tHwHJRWW1jHLwAr.iREOcvfy2X6/Zb87z4kCOfRFz7NcQ/y','Rebekah','Vega','Cum@hymenaeosMaurisut.ca'),
       (41,'user41','$2a$10$CCakI6tHwHJRWW1jHLwAr.iREOcvfy2X6/Zb87z4kCOfRFz7NcQ/y','Hadassah','Sweeney','ultrices.a@nislarcu.org'),
       (42,'user42','$2a$10$CCakI6tHwHJRWW1jHLwAr.iREOcvfy2X6/Zb87z4kCOfRFz7NcQ/y','Quyn','Romero','rhoncus.id@ipsumCurabitur.co.uk'),
       (43,'user43','$2a$10$CCakI6tHwHJRWW1jHLwAr.iREOcvfy2X6/Zb87z4kCOfRFz7NcQ/y','Riley','Kaufman','erat@gravidamaurisut.net'),
       (44,'user44','$2a$10$CCakI6tHwHJRWW1jHLwAr.iREOcvfy2X6/Zb87z4kCOfRFz7NcQ/y','Sandra','York','et.nunc.Quisque@semper.ca'),
       (45,'user45','$2a$10$CCakI6tHwHJRWW1jHLwAr.iREOcvfy2X6/Zb87z4kCOfRFz7NcQ/y','Aspen','Woodward','quis.lectus.Nullam@eleifend.com'),
       (46,'user46','$2a$10$CCakI6tHwHJRWW1jHLwAr.iREOcvfy2X6/Zb87z4kCOfRFz7NcQ/y','Griffith','Patel','Maecenas.ornare@dolorDonec.edu'),
       (47,'user47','$2a$10$CCakI6tHwHJRWW1jHLwAr.iREOcvfy2X6/Zb87z4kCOfRFz7NcQ/y','Carter','Barker','Sed.et@FuscemollisDuis.edu'),
       (48,'user48','$2a$10$CCakI6tHwHJRWW1jHLwAr.iREOcvfy2X6/Zb87z4kCOfRFz7NcQ/y','Cameron','Harris','Phasellus.nulla.Integer@feugiatplaceratvelit.com'),
       (49,'user49','$2a$10$CCakI6tHwHJRWW1jHLwAr.iREOcvfy2X6/Zb87z4kCOfRFz7NcQ/y','Shellie','Mccormick','sed@egestasadui.co.uk'),
       (50,'user50','$2a$10$CCakI6tHwHJRWW1jHLwAr.iREOcvfy2X6/Zb87z4kCOfRFz7NcQ/y','Zeus','Greer','dolor.Quisque.tincidunt@mauris.net'),
       (51,'user51','$2a$10$CCakI6tHwHJRWW1jHLwAr.iREOcvfy2X6/Zb87z4kCOfRFz7NcQ/y','Bruno','Morrow','aliquet.lobortis@risusDonec.com'),
       (52,'user52','$2a$10$CCakI6tHwHJRWW1jHLwAr.iREOcvfy2X6/Zb87z4kCOfRFz7NcQ/y','Iris','Kerr','est@ornarelectusante.co.uk'),
       (53,'user53','$2a$10$CCakI6tHwHJRWW1jHLwAr.iREOcvfy2X6/Zb87z4kCOfRFz7NcQ/y','Kimberly','Bennett','montes.nascetur@ligula.ca'),
       (54,'user54','$2a$10$CCakI6tHwHJRWW1jHLwAr.iREOcvfy2X6/Zb87z4kCOfRFz7NcQ/y','Berk','Knapp','a.odio@semper.ca'),
       (55,'user55','$2a$10$CCakI6tHwHJRWW1jHLwAr.iREOcvfy2X6/Zb87z4kCOfRFz7NcQ/y','Alea','Reynolds','lorem.ipsum@magnaSuspendisse.org'),
       (56,'user56','$2a$10$CCakI6tHwHJRWW1jHLwAr.iREOcvfy2X6/Zb87z4kCOfRFz7NcQ/y','Kylynn','Webster','massa.non.ante@enimEtiamimperdiet.co.uk'),
       (57,'user57','$2a$10$CCakI6tHwHJRWW1jHLwAr.iREOcvfy2X6/Zb87z4kCOfRFz7NcQ/y','Caldwell','Salinas','neque.et.nunc@sitametluctus.org'),
       (58,'user58','$2a$10$CCakI6tHwHJRWW1jHLwAr.iREOcvfy2X6/Zb87z4kCOfRFz7NcQ/y','Phyllis','Montoya','sed@egestasascelerisque.ca'),
       (59,'user59','$2a$10$CCakI6tHwHJRWW1jHLwAr.iREOcvfy2X6/Zb87z4kCOfRFz7NcQ/y','Quail','Shannon','lectus.Cum.sociis@nuncacmattis.ca'),
       (60,'user60','$2a$10$CCakI6tHwHJRWW1jHLwAr.iREOcvfy2X6/Zb87z4kCOfRFz7NcQ/y','Sierra','Hoover','faucibus.leo.in@suscipitnonummy.ca'),
       (61,'user61','$2a$10$CCakI6tHwHJRWW1jHLwAr.iREOcvfy2X6/Zb87z4kCOfRFz7NcQ/y','Zena','Chandler','Mauris@risus.ca'),
       (62,'user62','$2a$10$CCakI6tHwHJRWW1jHLwAr.iREOcvfy2X6/Zb87z4kCOfRFz7NcQ/y','Charles','Richmond','egestas@tacitisociosquad.org'),
       (63,'user63','$2a$10$CCakI6tHwHJRWW1jHLwAr.iREOcvfy2X6/Zb87z4kCOfRFz7NcQ/y','Flynn','Nash','mauris.rhoncus@Ut.co.uk'),
       (64,'user64','$2a$10$CCakI6tHwHJRWW1jHLwAr.iREOcvfy2X6/Zb87z4kCOfRFz7NcQ/y','Isadora','Beasley','sapien@Cumsociisnatoque.ca'),
       (65,'user65','$2a$10$CCakI6tHwHJRWW1jHLwAr.iREOcvfy2X6/Zb87z4kCOfRFz7NcQ/y','Maryam','Reyes','orci.sem.eget@enimMaurisquis.com'),
       (66,'user66','$2a$10$CCakI6tHwHJRWW1jHLwAr.iREOcvfy2X6/Zb87z4kCOfRFz7NcQ/y','George','David','Quisque.libero.lacus@tellusimperdietnon.com'),
       (67,'user67','$2a$10$CCakI6tHwHJRWW1jHLwAr.iREOcvfy2X6/Zb87z4kCOfRFz7NcQ/y','Hedy','Calhoun','a.mi@Loremipsum.edu'),
       (68,'user68','$2a$10$CCakI6tHwHJRWW1jHLwAr.iREOcvfy2X6/Zb87z4kCOfRFz7NcQ/y','Porter','Carney','consectetuer.rhoncus.Nullam@auctor.edu'),
       (69,'user69','$2a$10$CCakI6tHwHJRWW1jHLwAr.iREOcvfy2X6/Zb87z4kCOfRFz7NcQ/y','Florence','Hammond','feugiat@sollicitudin.com'),
       (70,'user70','$2a$10$CCakI6tHwHJRWW1jHLwAr.iREOcvfy2X6/Zb87z4kCOfRFz7NcQ/y','Winter','Medina','tellus.lorem@Nullamsuscipitest.net'),
       (71,'user71','$2a$10$CCakI6tHwHJRWW1jHLwAr.iREOcvfy2X6/Zb87z4kCOfRFz7NcQ/y','Ella','Aguilar','quis@purusmauris.co.uk'),
       (72,'user72','$2a$10$CCakI6tHwHJRWW1jHLwAr.iREOcvfy2X6/Zb87z4kCOfRFz7NcQ/y','Philip','Banks','molestie.orci.tincidunt@inaliquet.org'),
       (73,'user73','$2a$10$CCakI6tHwHJRWW1jHLwAr.iREOcvfy2X6/Zb87z4kCOfRFz7NcQ/y','Wesley','Hendrix','Sed.congue@fringilla.org'),
       (74,'user74','$2a$10$CCakI6tHwHJRWW1jHLwAr.iREOcvfy2X6/Zb87z4kCOfRFz7NcQ/y','Odysseus','Mullins','sed@Donecconsectetuermauris.ca'),
       (75,'user75','$2a$10$CCakI6tHwHJRWW1jHLwAr.iREOcvfy2X6/Zb87z4kCOfRFz7NcQ/y','Ronan','Whitley','libero.Proin@mauris.org'),
       (76,'user76','$2a$10$CCakI6tHwHJRWW1jHLwAr.iREOcvfy2X6/Zb87z4kCOfRFz7NcQ/y','Lacey','Mckay','Aliquam.nisl@fermentum.com'),
       (77,'user77','$2a$10$CCakI6tHwHJRWW1jHLwAr.iREOcvfy2X6/Zb87z4kCOfRFz7NcQ/y','Tatum','Albert','erat.Sed.nunc@consectetuermaurisid.org'),
       (78,'user78','$2a$10$CCakI6tHwHJRWW1jHLwAr.iREOcvfy2X6/Zb87z4kCOfRFz7NcQ/y','Savannah','Jordan','iaculis@necligula.edu'),
       (79,'user79','$2a$10$CCakI6tHwHJRWW1jHLwAr.iREOcvfy2X6/Zb87z4kCOfRFz7NcQ/y','Hu','Valenzuela','molestie@in.edu'),
       (80,'user80','$2a$10$CCakI6tHwHJRWW1jHLwAr.iREOcvfy2X6/Zb87z4kCOfRFz7NcQ/y','Elaine','Stevenson','lorem.lorem.luctus@Nunc.co.uk'),
       (81,'user81','$2a$10$CCakI6tHwHJRWW1jHLwAr.iREOcvfy2X6/Zb87z4kCOfRFz7NcQ/y','Ivana','Castaneda','non.sapien@ullamcorper.ca'),
       (82,'user82','$2a$10$CCakI6tHwHJRWW1jHLwAr.iREOcvfy2X6/Zb87z4kCOfRFz7NcQ/y','Yvonne','Sears','magnis@gravidaAliquam.net'),
       (83,'user83','$2a$10$CCakI6tHwHJRWW1jHLwAr.iREOcvfy2X6/Zb87z4kCOfRFz7NcQ/y','Jin','Calderon','diam@dolor.net'),
       (84,'user84','$2a$10$CCakI6tHwHJRWW1jHLwAr.iREOcvfy2X6/Zb87z4kCOfRFz7NcQ/y','Bevis','Meyers','eros.Proin@egestasAliquamfringilla.edu'),
       (85,'user85','$2a$10$CCakI6tHwHJRWW1jHLwAr.iREOcvfy2X6/Zb87z4kCOfRFz7NcQ/y','Cooper','Woodard','vitae@ut.com'),
       (86,'user86','$2a$10$CCakI6tHwHJRWW1jHLwAr.iREOcvfy2X6/Zb87z4kCOfRFz7NcQ/y','Hammett','Spence','et.magnis.dis@luctusfelispurus.org'),
       (87,'user87','$2a$10$CCakI6tHwHJRWW1jHLwAr.iREOcvfy2X6/Zb87z4kCOfRFz7NcQ/y','Paul','Ingram','facilisis.eget.ipsum@ac.edu'),
       (88,'user88','$2a$10$CCakI6tHwHJRWW1jHLwAr.iREOcvfy2X6/Zb87z4kCOfRFz7NcQ/y','Ahmed','Sparks','Lorem.ipsum.dolor@Phasellus.com'),
       (89,'user89','$2a$10$CCakI6tHwHJRWW1jHLwAr.iREOcvfy2X6/Zb87z4kCOfRFz7NcQ/y','Roary','Jimenez','ultrices.Vivamus@consequatenim.org'),
       (90,'user90','$2a$10$CCakI6tHwHJRWW1jHLwAr.iREOcvfy2X6/Zb87z4kCOfRFz7NcQ/y','Idona','Aguilar','vehicula@urnaetarcu.org'),
       (91,'user91','$2a$10$CCakI6tHwHJRWW1jHLwAr.iREOcvfy2X6/Zb87z4kCOfRFz7NcQ/y','Miranda','Holland','ut.pharetra@tinciduntadipiscingMauris.co.uk'),
       (92,'user92','$2a$10$CCakI6tHwHJRWW1jHLwAr.iREOcvfy2X6/Zb87z4kCOfRFz7NcQ/y','Galvin','Decker','Cum.sociis.natoque@Utsemper.edu'),
       (93,'user93','$2a$10$CCakI6tHwHJRWW1jHLwAr.iREOcvfy2X6/Zb87z4kCOfRFz7NcQ/y','Beau','Wade','pede.nonummy@facilisisloremtristique.com'),
       (94,'user94','$2a$10$CCakI6tHwHJRWW1jHLwAr.iREOcvfy2X6/Zb87z4kCOfRFz7NcQ/y','Yetta','Gomez','pellentesque.tellus@scelerisquenequesed.edu'),
       (95,'user95','$2a$10$CCakI6tHwHJRWW1jHLwAr.iREOcvfy2X6/Zb87z4kCOfRFz7NcQ/y','Maggie','Sargent','litora@conubianostraper.org'),
       (96,'user96','$2a$10$CCakI6tHwHJRWW1jHLwAr.iREOcvfy2X6/Zb87z4kCOfRFz7NcQ/y','Zane','Moore','enim@Fusce.com'),
       (97,'user97','$2a$10$CCakI6tHwHJRWW1jHLwAr.iREOcvfy2X6/Zb87z4kCOfRFz7NcQ/y','India','Jensen','magnis.dis.parturient@inaliquet.org'),
       (98,'user98','$2a$10$CCakI6tHwHJRWW1jHLwAr.iREOcvfy2X6/Zb87z4kCOfRFz7NcQ/y','Shelly','Greene','quam@pretiumet.org'),
       (99,'user99','$2a$10$CCakI6tHwHJRWW1jHLwAr.iREOcvfy2X6/Zb87z4kCOfRFz7NcQ/y','Breanna','Rosales','Nullam@eu.com'),
       (100,'user100','$2a$10$CCakI6tHwHJRWW1jHLwAr.iREOcvfy2X6/Zb87z4kCOfRFz7NcQ/y','Avye','Ware','auctor.non.feugiat@nequeMorbi.co.uk');
;

insert into author
(id, name, birth_place, birthday, twitter, image_url, website, bio)
values
(1, 'Suzanne Collins', 'Hartford, Connecticut, The United States', '1962-08-11',null,null,
 'http://suzannecollinsbooks.com/', null),
(2, 'J.K. Rowling', 'Yate, South Gloucestershire, England, The United Kingdom', '1965-07-31',
 'jk_rowling', 'https://images.gr-assets.com/authors/1596216614p5/1077326.jpg',
 'http://www.jkrowling.com',
 'Although she writes under the pen name J.K. Rowling, pronounced like rolling, her name when her first Harry Potter book was published was simply Joanne Rowling. Anticipating that the target audience of young boys might not want to read a book written by a woman, her publishers demanded that she use two initials, rather than her full name. As she had no middle name, she chose K as the second initial of her pen name, from her paternal grandmother Kathleen Ada Bulgen Rowling. She calls herself Jo and has said, "No one ever called me ''Joanne'' when I was young, unless they were angry." Following her marriage, she has sometimes used the name Joanne Murray when conducting personal business. During the Leveson Inquiry she gave evidence under the name of Joanne Kathleen Rowling. In a 2012 interview, Rowling noted that she no longer cared that people pronounced her name incorrectly.

Rowling was born to Peter James Rowling, a Rolls-Royce aircraft engineer, and Anne Rowling (née Volant), on 31 July 1965 in Yate, Gloucestershire, England, 10 miles (16 km) northeast of Bristol. Her mother Anne was half-French and half-Scottish. Her parents first met on a train departing from King''s Cross Station bound for Arbroath in 1964. They married on 14 March 1965. Her mother''s maternal grandfather, Dugald Campbell, was born in Lamlash on the Isle of Arran. Her mother''s paternal grandfather, Louis Volant, was awarded the Croix de Guerre for exceptional bravery in defending the village of Courcelles-le-Comte during the First World War.

Rowling''s sister Dianne was born at their home when Rowling was 23 months old. The family moved to the nearby village Winterbourne when Rowling was four. She attended St Michael''s Primary School, a school founded by abolitionist William Wilberforce and education reformer Hannah More. Her headmaster at St Michael''s, Alfred Dunn, has been suggested as the inspiration for the Harry Potter headmaster Albus Dumbledore.

As a child, Rowling often wrote fantasy stories, which she would usually then read to her sister. She recalls that: "I can still remember me telling her a story in which she fell down a rabbit hole and was fed strawberries by the rabbit family inside it. Certainly the first story I ever wrote down (when I was five or six) was about a rabbit called Rabbit. He got the measles and was visited by his friends, including a giant bee called Miss Bee." At the age of nine, Rowling moved to Church Cottage in the Gloucestershire village of Tutshill, close to Chepstow, Wales. When she was a young teenager, her great aunt, who Rowling said "taught classics and approved of a thirst for knowledge, even of a questionable kind," gave her a very old copy of Jessica Mitford''s autobiography, Hons and Rebels. Mitford became Rowling''s heroine, and Rowling subsequently read all of her books.

Rowling has said of her teenage years, in an interview with The New Yorker, "I wasn’t particularly happy. I think it’s a dreadful time of life." She had a difficult homelife; her mother was ill and she had a difficult relationship with her father (she is no longer on speaking terms with him). She attended secondary school at Wyedean School and College, where her mother had worked as a technician in the science department. Rowling said of her adolescence, "Hermione [a bookish, know-it-all Harry Potter character] is loosely based on me. She''s a caricature of me when I was eleven, which I''m not particularly proud of." Steve Eddy, who taught Rowling English when she first arrived, remembers her as "not exceptional" but "one of a group of girls who were bright, and quite good at English." Sean Harris, her best friend in the Upper Sixth owned a turquoise Ford Anglia, which she says inspired the one in her books.'),
(3, 'Stephenie Meyer', 'Connecticut, The United States', '1973-12-24',null,
 'https://images.gr-assets.com/authors/1596739281p5/941441.jpg','http://www.stepheniemeyer.com/',
 null),
(4, 'Harper Lee',null,null,null,null,null,null),
(5, 'F. Scott Fitzgerald',null,null,null,null,null,null),
(6, 'John Green',null,null,null,null,null,null),
(7, 'J.R.R. Tolkien',null,null,null,null,null,null),
(8, 'J.D. Salinger',null,null,null,null,null,null),
(9,'Dan Brown',null,null,null,null,null,null),
(10,'Jane Austen',null,null,null,null,null,null),
(11,'Khaled Hosseini',null,null,null,null,null,null),
(12,'Veronica Roth',null,null,null,null,null,null),
(13,'George Orwell',null,null,null,null,null,null),
(14,'Anne Frank',null,null,null,null,null,null),
(15,'Alice Sebold',null,null,null,null,null,null),
(16,'William Golding',null,null,null,null,null,null),
(17,'Gillian Flynn',null,null,null,null,null,null),
(18,'Kathryn Stockett',null,null,null,null,null,null),
(19,'John Steinbeck',null,null,null,null,null,null),
(20,'Mitch Albom',null,null,null,null,null,null),
(21,'Arthur Golden',null,null,null,null,null,null),
(22,'E.L. James',null,null,null,null,null,null),
(23,'Lois Lowry',null,null,null,null,null,null),
(24,'Audrey Niffenegger',null,null,null,null,null,null),
(25,'George R.R. Martin',null,null,null,null,null,null),
(26,'Elizabeth Gilbert',null,null,null,null,null,null),
(27,'Rick Riordan',null,null,null,null,null,null),
(28,'Louisa May Alcott', 'Germantown, Pennsylvania, The United States', '1888-03-06',null,
 'https://images.gr-assets.com/authors/1200326665p5/1315.jpg', 'http://www.louisamayalcott.org',
 null),
(29,'Nicholas Sparks', 'Omaha, Nebraska, The United States', null, 'SparksNicholas',
 'https://images.gr-assets.com/authors/1591799426p5/2345.jpg', 'http://www.nicholassparks.com/',
 null),
(30,'Yann Martel', 'Salamanca, Spain', '1963-06-25', 'WriterYann',
 'https://images.gr-assets.com/authors/1454012903p5/811.jpg', null,
 null)
;

insert into book
(id, isbn, author_id, title, image_url )
values
(1,'439023483',1,'The Hunger Games (The Hunger Games #1)','https://images.gr-assets.com/books/1447303603m/2767052.jpg'),
(2,'439554934',2,'Harry Potter and the Sorcerer''s Stone (Harry Potter, #1)',
 'https://images.gr-assets.com/books/1474154022m/3.jpg'),
(3,'316015849',3,'Twilight (Twilight, #1)','https://images.gr-assets.com/books/1361039443m/41865.jpg'),
(4,'61120081',4,'To Kill a Mockingbird','https://images.gr-assets.com/books/1361975680m/2657.jpg'),
(5,'743273567',5,'The Great Gatsby','https://images.gr-assets.com/books/1490528560m/4671.jpg'),
(6,'525478817',6,'The Fault in Our Stars','https://images.gr-assets.com/books/1360206420m/11870085.jpg'),
(7,'618260307',7,'The Hobbit','https://images.gr-assets.com/books/1372847500m/5907.jpg'),
(8,'316769177',8,'The Catcher in the Rye','https://images.gr-assets.com/books/1398034300m/5107.jpg'),
(9,'1416524797',9,'Angels & Demons  (Robert Langdon, #1)','https://images.gr-assets.com/books/1303390735m/960.jpg'),
(10,'679783261',10,'Pride and Prejudice','https://images.gr-assets.com/books/1320399351m/1885.jpg'),
(11,'1594480001',11,'The Kite Runner','https://images.gr-assets.com/books/1484565687m/77203.jpg'),
(12,'62024035',12,'Divergent (Divergent, #1)','https://images.gr-assets.com/books/1328559506m/13335037.jpg'),
(13,'451524934',13,'1984','https://images.gr-assets.com/books/1348990566m/5470.jpg'),
(15,'553296981',14,'The Diary of a Young Girl','https://images.gr-assets.com/books/1358276407m/48855.jpg'),
(17,'439023491',1,'Catching Fire (The Hunger Games, #2)','https://images.gr-assets.com/books/1358273780m/6148028.jpg'),
(18,'043965548X',2,'Harry Potter and the Prisoner of Azkaban (Harry Potter\, #3)','https://images.gr-assets.com/books/1499277281m/5.jpg'),
(19,'618346252',7,'The Fellowship of the Ring (The Lord of the Rings\, #1)','https://images.gr-assets.com/books/1298411339m/34.jpg'),
(20,'439023513',1,'Mockingjay (The Hunger Games, #3)','https://images.gr-assets.com/books/1358275419m/7260188.jpg'),
(21,'439358078',2,'Harry Potter and the Order of the Phoenix (Harry Potter\, #5)','https://images.gr-assets.com/books/1387141547m/2.jpg'),
(22,'316166685',15,'The Lovely Bones','https://images.gr-assets.com/books/1457810586m/12232938.jpg'),
(23,'439064864',2,'Harry Potter and the Chamber of Secrets (Harry Potter\, #2)','https://images.gr-assets.com/books/1474169725m/15881.jpg'),
(24,'439139600',2,'Harry Potter and the Goblet of Fire (Harry Potter\, #4)','https://images.gr-assets.com/books/1361482611m/6.jpg'),
(25,'545010225',2,'Harry Potter and the Deathly Hallows (Harry Potter\, #7)','https://images.gr-assets.com/books/1474171184m/136251.jpg'),
(26,'307277674',9,'The Da Vinci Code (Robert Langdon, #2)','https://images.gr-assets.com/books/1303252999m/968.jpg'),
(27,'439785960',2,'Harry Potter and the Half-Blood Prince (Harry Potter, #6)','https://images.gr-assets.com/books/1361039191m/1.jpg'),
(28,'140283331',16,'Lord of the Flies','https://images.gr-assets.com/books/1327869409m/7624.jpg'),
(30,'297859382',17,'Gone Girl','https://images.gr-assets.com/books/1339602131m/8442457.jpg'),
(31,'399155341',18,'The Help','https://images.gr-assets.com/books/1346100365m/4667024.jpg'),
(32,'142000671',19,'Of Mice and Men','https://images.gr-assets.com/books/1437235233m/890.jpg'),
(33,'739326228',21,'Memoirs of a Geisha','https://s.gr-assets.com/assets/nophoto/book/111x148-bcc042a9c91a29c1d680899eff700a03.png'),
(34,'1612130291',22,'Fifty Shades of Grey (Fifty Shades\, #1)','https://images.gr-assets.com/books/1385207843m/10818853.jpg'),
(36,'385732554',23,'The Giver (The Giver, #1)','https://images.gr-assets.com/books/1342493368m/3636.jpg'),
(38,'965818675',24,'The Time Traveler''s Wife','https://images.gr-assets.com/books/1437728815m/14050.jpg'),
(39,'553588486',25,'A Game of Thrones (A Song of Ice and Fire\, #1)','https://images.gr-assets.com/books/1436732693m/13496.jpg'),
(40,'143038419',26,'Eat\, Pray\, Love','https://images.gr-assets.com/books/1503066414m/19501.jpg'),
(41,'786838655',27,'The Lightning Thief (Percy Jackson and the Olympians\, #1)','https://images.gr-assets.com/books/1400602609m/28187.jpg'),
(42,'451529308',28,'Little Women (Little Women\, #1)','https://s.gr-assets.com/assets/nophoto/book/111x148-bcc042a9c91a29c1d680899eff700a03.png'),
(44,'553816713',29,'The Notebook (The Notebook\, #1)','https://images.gr-assets.com/books/1385738917m/15931.jpg'),
(45,'770430074',30,'Life of Pi','https://images.gr-assets.com/books/1320562005m/4214.jpg'),
(49,'316160199',3,'New Moon (Twilight, #2)','https://images.gr-assets.com/books/1361039440m/49041.jpg'),
(52,'316160202',3,'Eclipse (Twilight, #3)','https://images.gr-assets.com/books/1361038355m/428263.jpg'),
(56,'031606792X',3,'Breaking Dawn (Twilight, #4)','https://images.gr-assets.com/books/1361039438m/1162543.jpg'),
(67,'1594489505',11,'A Thousand Splendid Suns','https://images.gr-assets.com/books/1345958969m/128029.jpg'),
(69,'7442912',12,'Insurgent (Divergent, #2)','https://images.gr-assets.com/books/1325667729m/11735983.jpg'),
(73,'316068047',3,'The Host (The Host, #1)','https://images.gr-assets.com/books/1318009171m/1656001.jpg'),
(74,'142402516',6,'Looking for Alaska','https://images.gr-assets.com/books/1394798630m/99561.jpg'),
(88,'014241493X',6,'Paper Towns','https://images.gr-assets.com/books/1349013610m/6442769.jpg'),
(96,'345803507',22,'Fifty Shades Freed (Fifty Shades, #3)','https://images.gr-assets.com/books/1336418837m/13536860.jpg'),
(99,'1612130585',22,'Fifty Shades Darker (Fifty Shades\, #2)','https://images.gr-assets.com/books/1358266080m/11857408.jpg'),
(105,'7524277',12,'Allegiant (Divergent, #3)','https://images.gr-assets.com/books/1395582745m/18710190.jpg'),
(107,'446693804',29,'A Walk to Remember','https://images.gr-assets.com/books/1385738968m/3473.jpg'),
(110,'553381695',25,'A Clash of Kings  (A Song of Ice and Fire\, #2)','https://images.gr-assets.com/books/1358254974m/10572.jpg'),
(131,'142000663',19,'The Grapes of Wrath','https://images.gr-assets.com/books/1352912927m/4395.jpg'),
(132,'1401308589',20,'The Five People You Meet in Heaven','https://s.gr-assets.com/assets/nophoto/book/111x148-bcc042a9c91a29c1d680899eff700a03.png'),
(135,'055357342X',25,'A Storm of Swords (A Song of Ice and Fire\, #3)','https://images.gr-assets.com/books/1497931121m/62291.jpg'),
(145,'671027387',9,'Deception Point','https://s.gr-assets.com/assets/nophoto/book/111x148-bcc042a9c91a29c1d680899eff700a03.png'),
(151,'786856866',27,'The Sea of Monsters (Percy Jackson and the Olympians\, #2)','https://images.gr-assets.com/books/1400602661m/28186.jpg'),
(152,'446528056',29,'Dear John','https://images.gr-assets.com/books/1397749854m/5526.jpg'),
(155,'618346260',7,'The Two Towers (The Lord of the Rings, #2)','https://images.gr-assets.com/books/1298415523m/15241.jpg'),
(159,'1423101464',27,'The Battle of the Labyrinth (Percy Jackson and the Olympians\, #4)','https://images.gr-assets.com/books/1443142158m/2120932.jpg'),
(161,'345339738',7,'The Return of the King (The Lord of the Rings\, #3)','https://images.gr-assets.com/books/1389977161m/18512.jpg'),
(163,'142311339X',27,'The Lost Hero (The Heroes of Olympus, #1)','https://images.gr-assets.com/books/1464201003m/7736182.jpg'),
(165,'055358202X',25,'A Feast for Crows (A Song of Ice and Fire\, #4)','https://images.gr-assets.com/books/1429538615m/13497.jpg'),
(169,'446547565',29,'The Last Song','https://images.gr-assets.com/books/1286549186m/6400090.jpg'),
(170,'552151696',9,'Digital Fortress','https://images.gr-assets.com/books/1360095966m/11125.jpg'),
(175,'739380338',27,'The Last Olympian (Percy Jackson and the Olympians, #5)','https://images.gr-assets.com/books/1327924597m/4502507.jpg'),
(188,'',25,'A Dance with Dragons (A Song of Ice and Fire, #5)','https://images.gr-assets.com/books/1327885335m/10664113.jpg'),
(189,'618640150',7,'The Lord of the Rings (The Lord of the Rings, #1-3)','https://images.gr-assets.com/books/1411114164m/33.jpg'),
(201,'385504225',9,'The Lost Symbol (Robert Langdon, #3)','https://images.gr-assets.com/books/1358274396m/6411961.jpg'),
(214,'141382899',27,'The Titan''s Curse (Percy Jackson and the Olympians, #3)','https://images.gr-assets.com/books/1361038385m/561456.jpg'),
(225,'142000655',19,'East of Eden','https://images.gr-assets.com/books/1441547516m/4406.jpg'),
(226,'307341569',17,'Dark Places','https://images.gr-assets.com/books/1354988288m/5886881.jpg'),
(240,'385537859',9,'Inferno (Robert Langdon, #4)','https://images.gr-assets.com/books/1397093185m/17212231.jpg'),
(241,'440227534',23,'Number the Stars','https://images.gr-assets.com/books/1370917812m/47281.jpg'),
(244,'307341542',17,'Sharp Objects','https://images.gr-assets.com/books/1423241485m/66559.jpg'),
(275,'525476881',6,'An Abundance of Katherines','https://images.gr-assets.com/books/1360206426m/49750.jpg'),
(286,'446579939',29,'The Lucky One','https://images.gr-assets.com/books/1420816338m/3063499.jpg'),
(294,'1423140591',27,'The Son of Neptune (The Heroes of Olympus, #2)','https://images.gr-assets.com/books/1464201114m/9520360.jpg'),
(302,'044654759X',29,'Safe Haven','https://images.gr-assets.com/books/1344268800m/7812659.jpg'),
(359,'159463176X',11,'And the Mountains Echoed','https://images.gr-assets.com/books/1358190204m/16115612.jpg'),
(420,'446676071',29,'Message in a Bottle','https://images.gr-assets.com/books/1163789140m/3478.jpg'),
(428,'1423140605',27,'The Mark of Athena (The Heroes of Olympus, #3)','https://images.gr-assets.com/books/1464201354m/12127750.jpg'),
(552,'446696129',29,'The Rescue','https://s.gr-assets.com/assets/nophoto/book/111x148-bcc042a9c91a29c1d680899eff700a03.png'),
(370,'1423113381',27,'The Red Pyramid (Kane Chronicles, #1)','https://images.gr-assets.com/books/1366227978m/7090447.jpg'),
(571,'446696110',29,'The Guardian','https://images.gr-assets.com/books/1388195339m/15925.jpg'),
(622,'446612707',29,'Nights in Rodanthe','https://images.gr-assets.com/books/1328145638m/15926.jpg'),
(533,'62409859',4,'Go Set a Watchman','https://images.gr-assets.com/books/1451442088m/24817626.jpg'),
(683,'446696137',29,'A Bend in the Road','https://s.gr-assets.com/assets/nophoto/book/111x148-bcc042a9c91a29c1d680899eff700a03.png'),
(684,'1423146727',27,'The House of Hades (The Heroes of Olympus, #4)','https://images.gr-assets.com/books/1464201430m/12127810.jpg'),
(686,'446615862',29,'The Wedding (The Notebook, #2)','https://images.gr-assets.com/books/1385738787m/3466.jpg'),
(716,'446579920',29,'The Choice','https://images.gr-assets.com/books/1385739133m/531350.jpg'),
(784,'1401303277',20,'For One More Day','https://s.gr-assets.com/assets/nophoto/book/111x148-bcc042a9c91a29c1d680899eff700a03.png'),
(709,'316767727',8,'Nine Stories','https://s.gr-assets.com/assets/nophoto/book/111x148-bcc042a9c91a29c1d680899eff700a03.png'),
(730,'142000698',19,'The Pearl','https://images.gr-assets.com/books/1437234939m/5308.jpg'),
(732,'031612558X',3,'The Short Second Life of Bree Tanner: An Eclipse Novella (Twilight\, #3.5)','https://images.gr-assets.com/books/1274335680m/7937462.jpg'),
(821,'446547654',29,'The Best of Me','https://images.gr-assets.com/books/1301685366m/10766509.jpg'),
(843,'345803574',22,'Fifty Shades Trilogy (Fifty Shades\, #1-3)','https://images.gr-assets.com/books/1431573483m/13584236.jpg'),
(856,'385732562',23,'Gathering Blue (The Giver\, #2)','https://s.gr-assets.com/assets/nophoto/book/111x148-bcc042a9c91a29c1d680899eff700a03.png'),
(1083,'033041836X',15,'Lucky','https://images.gr-assets.com/books/1327190847m/82970.jpg'),
(1045,'62285688',12,'Four: A Divergent Story Collection (Divergent\, #0.1 - 0.4)','https://images.gr-assets.com/books/1393687572m/18126198.jpg'),
(1098,'1455520659',29,'The Longest Ride','https://images.gr-assets.com/books/1367536453m/17407748.jpg'),
(1104,'1101946342',22,'Grey (Fifty Shades\, #4)','https://images.gr-assets.com/books/1433182986m/25644601.jpg'),
(1152,'1401322786',20,'The Time Keeper','https://images.gr-assets.com/books/1340478576m/13624688.jpg'),
(1161,'014200068X',19,'Cannery Row','https://s.gr-assets.com/assets/nophoto/book/111x148-bcc042a9c91a29c1d680899eff700a03.png'),
(1184,'068480154X',5,'Tender Is the Night','https://images.gr-assets.com/books/1438797669m/46164.jpg'),
(1197,'006223742X',12,'Free Four: Tobias Tells the Divergent Knife-Throwing Scene (Divergent\, #1.5)','https://images.gr-assets.com/books/1399503802m/13615258.jpg'),
(1271,'670024856',26,'The Signature of All Things','https://images.gr-assets.com/books/1364277893m/17465453.jpg'),
(1290,'385732538',23,'Messenger (The Giver\, #3)','https://s.gr-assets.com/assets/nophoto/book/111x148-bcc042a9c91a29c1d680899eff700a03.png'),
(1359,'1423140575',27,'The Serpent''s Shadow (Kane Chronicles\, #3)','https://images.gr-assets.com/books/1366227982m/12893742.jpg'),
(1414,'044669651X',29,'True Believer (Jeremy Marsh & Lexie Darnell\, #1)','https://images.gr-assets.com/books/1385739017m/3464.jpg'),
(1440,'786868724',20,'Have a Little Faith: a True Story','https://s.gr-assets.com/assets/nophoto/book/111x148-bcc042a9c91a29c1d680899eff700a03.png'),
(1459,'446698466',29,'At First Sight (Jeremy Marsh & Lexie Darnell\, #2)','https://s.gr-assets.com/assets/nophoto/book/111x148-bcc042a9c91a29c1d680899eff700a03.png'),
(1481,'224085611',24,'Her Fearful Symmetry','https://images.gr-assets.com/books/1327939087m/6202342.jpg'),
(1496,'7119550',25,'A Storm of Swords: Blood and Gold (A Song of Ice and Fire\, #3: Part 2 of 2)','https://images.gr-assets.com/books/1354567206m/147915.jpg'),
(2149,'345529057',25,'A Song of Ice and Fire (A Song of Ice and Fire\, #1-4)','https://images.gr-assets.com/books/1328046798m/9814682.jpg'),
(2304,'684843781',5,'This Side of Paradise','https://s.gr-assets.com/assets/nophoto/book/111x148-bcc042a9c91a29c1d680899eff700a03.png'),
(2420,'142312166X',27,'The Demigod Files (Percy Jackson and the Olympians)','https://images.gr-assets.com/books/1293421593m/3992598.jpg'),
(2455,'670021652',26,'Committed: A Skeptic Makes Peace with Marriage','https://images.gr-assets.com/books/1472258183m/6728738.jpg'),
(2457,'62285637',12,'The Transfer (Divergent\, #0.1)','https://images.gr-assets.com/books/1420493627m/18080920.jpg'),
(2580,'1455520616',29,'See Me','https://images.gr-assets.com/books/1439564033m/24820165.jpg'),
(2601,'',19,'The Red Pony','https://images.gr-assets.com/books/1391231816m/8732.jpg'),
(3526,'148473274X',27,'The Hidden Oracle (The Trials of Apollo\, #1)','https://images.gr-assets.com/books/1449765273m/26252859.jpg'),
(3550,'316677469',15,'The Almost Moon','https://images.gr-assets.com/books/1310421579m/783291.jpg'),
(3580,'1406954365',28,'Little Men (Little Women\, #2)','https://s.gr-assets.com/assets/nophoto/book/111x148-bcc042a9c91a29c1d680899eff700a03.png'),
(3775,'',25,'A Game of Thrones / A Clash of Kings (A Song of Ice and Fire\, #1-2)','https://images.gr-assets.com/books/1336020650m/5061675.jpg'),
(4088,'316043125',3,'The Twilight Saga: The Official Illustrated Guide (Twilight\, #4.5)','https://images.gr-assets.com/books/1344265906m/3609763.jpg'),
(4720,'439791464',1,'Gregor and the Marks of Secret (Underland Chronicles\, #4)','https://images.gr-assets.com/books/1397854344m/319644.jpg'),
(5296,'',3,'The Chemist','https://images.gr-assets.com/books/1468944057m/31176886.jpg'),
(4496,'593054601',9,'Angels and Demons / The Da Vinci Code (Robert Langdon\, #1-2)','https://s.gr-assets.com/assets/nophoto/book/111x148-bcc042a9c91a29c1d680899eff700a03.png'),
(4653,'140259449',10,'The Complete Novels','https://s.gr-assets.com/assets/nophoto/book/111x148-bcc042a9c91a29c1d680899eff700a03.png'),
(5393,'',12,'The Initiate (Divergent\, #0.2)','https://s.gr-assets.com/assets/nophoto/book/111x148-bcc042a9c91a29c1d680899eff700a03.png'),
(7826,'141185538',19,'The Moon Is Down','https://images.gr-assets.com/books/1327961310m/12722.jpg'),
(6227,'62294415',20,'The Magic Strings of Frankie Presto','https://images.gr-assets.com/books/1426364478m/25142924.jpg'),
(8740,'1419122126',28,'Good Wives (Little Women\, #1.5)','https://images.gr-assets.com/books/1282713827m/78960.jpg'),
(8888,'1406501069',28,'An Old-Fashioned Girl','https://s.gr-assets.com/assets/nophoto/book/111x148-bcc042a9c91a29c1d680899eff700a03.png'),
(9486,'',22,'Fifty Shades Duo: Fifty Shades Darker / Fifty Shades Freed (Fifty Shades\, #2-3)','https://images.gr-assets.com/books/1350174326m/16084702.jpg'),
(9740,'955944686',27,'Percy Jackson and the Sword of Hades (Percy Jackson and the Olympians\, #4.5)','https://images.gr-assets.com/books/1327349413m/4837112.jpg'),
(9974,'553153382',23,'Anastasia Krupnik (Anastasia Krupnik\, #1)','https://images.gr-assets.com/books/1476942137m/116494.jpg'),
(8487,'1484721349',27,'The Staff of Serapis (Percy Jackson & Kane Chronicles Crossover #2)','https://images.gr-assets.com/books/1397002787m/18752959.jpg'),
(6356,'7466064',25,'A Dance with Dragons: Dreams and Dust (A Song of Ice and Fire #5\, Part 1 of 2)','https://images.gr-assets.com/books/1331401651m/13337715.jpg'),
(6497,'7466072',25,'A Dance with Dragons: After the Feast (A Song of Ice and Fire #5\, Part 2 of 2)','https://images.gr-assets.com/books/1327932256m/13337716.jpg'),
(7272,'1423160924',27,'The Hammer of Thor (Magnus Chase and the Gods of Asgard\, #2)','https://images.gr-assets.com/books/1463950690m/27904311.jpg'),
(4998,'1423194551',27,'The Son of Sobek (Percy Jackson & Kane Chronicles Crossover\, #1)','https://images.gr-assets.com/books/1367948073m/17312201.jpg'),
(5458,'1406501077',28,'Jo''s Boys (Little Women\, #3)','https://s.gr-assets.com/assets/nophoto/book/111x148-bcc042a9c91a29c1d680899eff700a03.png'),
(5219,'',29,'Two By Two','https://images.gr-assets.com/books/1461620101m/30002998.jpg'),
(6214,'62240080',12,'The Divergent Series 2-Book Collection (Divergent\, #1-2)','https://images.gr-assets.com/books/1341816250m/15743078.jpg'),
(6216,'1400069262',30,'Beatrice and Virgil','https://s.gr-assets.com/assets/nophoto/book/111x148-bcc042a9c91a29c1d680899eff700a03.png')
;

UPDATE book
SET
description = 'WINNING MEANS FAME AND FORTUNE.
LOSING MEANS CERTAIN DEATH.
THE HUNGER GAMES HAVE BEGUN. . . .

In the ruins of a place once known as North America lies the nation of Panem, a shining Capitol surrounded by twelve outlying districts. The Capitol is harsh and cruel and keeps the districts in line by forcing them all to send one boy and once girl between the ages of twelve and eighteen to participate in the annual Hunger Games, a fight to the death on live TV.

Sixteen-year-old Katniss Everdeen regards it as a death sentence when she steps forward to take her sister''s place in the Games. But Katniss has been close to dead before—and survival, for her, is second nature. Without really meaning to, she becomes a contender. But if she is to win, she will have to start making choices that weight survival against humanity and life against love. '
where id = 1;

UPDATE book
SET
    description = 'Harry Potter''s life is miserable. His parents are dead and he''s stuck with his heartless relatives, who force him to live in a tiny closet under the stairs. But his fortune changes when he receives a letter that tells him the truth about himself: he''s a wizard. A mysterious visitor rescues him from his relatives and takes him to his new home, Hogwarts School of Witchcraft and Wizardry.

After a lifetime of bottling up his magical powers, Harry finally feels like a normal kid. But even within the Wizarding community, he is special. He is the boy who lived: the only person to have ever survived a killing curse inflicted by the evil Lord Voldemort, who launched a brutal takeover of the Wizarding world, only to vanish after failing to kill Harry.

Though Harry''s first year at Hogwarts is the best of his life, not everything is perfect. There is a dangerous secret object hidden within the castle walls, and Harry believes it''s his responsibility to prevent it from falling into evil hands. But doing so will bring him into contact with forces more terrifying than he ever could have imagined.

Full of sympathetic characters, wildly imaginative situations, and countless exciting details, the first installment in the series assembles an unforgettable magical world and sets the stage for many high-stakes adventures to come. '
WHERE id = 2;

UPDATE book
SET
    description = 'About three things I was absolutely positive.

First, Edward was a vampire.

Second, there was a part of him—and I didn''t know how dominant that part might be—that thirsted for my blood.

And third, I was unconditionally and irrevocably in love with him.

Deeply seductive and extraordinarily suspenseful, Twilight is a love story with bite.'
WHERE id = 3;

UPDATE book
SET
    description = 'The unforgettable novel of a childhood in a sleepy Southern town and the crisis of conscience that rocked it, To Kill A Mockingbird became both an instant bestseller and a critical success when it was first published in 1960. It went on to win the Pulitzer Prize in 1961 and was later made into an Academy Award-winning film, also a classic.

Compassionate, dramatic, and deeply moving, To Kill A Mockingbird takes readers to the roots of human behavior - to innocence and experience, kindness and cruelty, love and hatred, humor and pathos. Now with over 18 million copies in print and translated into forty languages, this regional story by a young Alabama woman claims universal appeal. Harper Lee always considered her book to be a simple love story. Today it is regarded as a masterpiece of American literature.'
WHERE id = 4;

UPDATE book
SET
    description = 'The Great Gatsby, F. Scott Fitzgerald''s third book, stands as the supreme achievement of his career. This exemplary novel of the Jazz Age has been acclaimed by generations of readers. The story is of the fabulously wealthy Jay Gatsby and his new love for the beautiful Daisy Buchanan, of lavish parties on Long Island at a time when The New York Times noted "gin was the national drink and sex the national obsession," it is an exquisitely crafted tale of America in the 1920s.

The Great Gatsby is one of the great classics of twentieth-century literature.'
WHERE id = 5;

UPDATE book
SET
    description = 'The war against Voldemort is not going well; even Muggle governments are noticing. Ron scans the obituary pages of the Daily Prophet, looking for familiar names. Dumbledore is absent from Hogwarts for long stretches of time, and the Order of the Phoenix has already suffered losses.

And yet . . .

As in all wars, life goes on. The Weasley twins expand their business. Sixth-year students learn to Apparate - and lose a few eyebrows in the process. Teenagers flirt and fight and fall in love. Classes are never straightforward, through Harry receives some extraordinary help from the mysterious Half-Blood Prince.

So it''s the home front that takes center stage in the multilayered sixth installment of the story of Harry Potter. Here at Hogwarts, Harry will search for the full and complete story of the boy who became Lord Voldemort - and thereby find what may be his only vulnerability.'
WHERE id = 27;

INSERT INTO genre
(id, name, description)
VALUES
(1, 'Art', 'Books that showcase particular types of art.'),
(2, 'Biography', 'A biography (from the Greek words bios meaning "life", and graphos meaning "write") is a non-fictional account of a person''s life. Biographies are written by an author who is not the subject/focus of the book. '),
(3, 'Business', 'A business (also known as enterprise or firm) is an organization engaged in the trade of goods, services, or both to consumers. Businesses are predominant in capitalist economies, where most of them are privately owned and administered to earn profit to increase the wealth of their owners. Businesses may also be not-for-profit or state-owned. A business owned by multiple individuals may be referred to as a company, although that term also has a more precise meaning.'),
(4, 'Childrens', 'Childrens literature is for readers and listeners up to about age 12. It is often illustrated. The term is used in senses that sometimes exclude young-adult fiction, comic books, or other genres. Books specifically for children existed at least several hundred years ago.'),
(5, 'Christian', 'The term "Christian" is used adjectivally to describe anything associated with Christianity, or in a proverbial sense "all that is noble, and good, and Christ-like". It can also refer to content produced by a christian without the content being explicitly Christian.'),
(6, 'Classics', 'A classic stands the test of time. The work is usually considered to be a representation of the period in which it was written; and the work merits lasting recognition. In other words, if the book was published in the recent past, the work is not a classic.

A classic has a certain universal appeal. Great works of literature touch us to our very core beings--partly because they integrate themes that are understood by readers from a wide range of backgrounds and levels of experience. Themes of love, hate, death, life, and faith touch upon some of our most basic emotional responses.

Although the term is often associated with the Western canon, it can be applied to works of literature from all traditions, such as the Chinese classics or the Indian Vedas.

Disambiguation: The study of ancient ("classical") civilisations and languages, see Classical studies.'),
(7, 'Comics', 'A comic book or comicbook, also called comic magazine or simply comic, is a publication that consists of comic art in the form of sequential juxtaposed panels that represent individual scenes. Panels are often accompanied by brief descriptive prose and written narrative, usually dialog contained in word balloons emblematic of the comics art form.'),
(8, 'Cookbooks', 'Non-fiction books that contain a collection of recipes, techniques, and tricks of the trade or else focus on the exploration of food, cooking, and culture of food. Many cookbooks are divided into sections such as baking, dinner, and breakfast. A specialty cookbook may focus only on a certain country''s cuisine, such as Italian or Cajun. There are some cookbooks that are written to highlight one ingredient (i.e. honey), and some cookbooks focused on only one branch of cooking (such as bread.) Even further, some cookbooks focus on types of cooking (microwave, barbecue, baking.)'),
(9, 'Fantasy', 'Fantasy is a genre that uses magic and other supernatural forms as a primary element of plot, theme, and/or setting. Fantasy is generally distinguished from science fiction and horror by the expectation that it steers clear of technological and macabre themes, respectively, though there is a great deal of overlap between the three (collectively known as speculative fiction or science fiction/fantasy)

In its broadest sense, fantasy comprises works by many writers, artists, filmmakers, and musicians, from ancient myths and legends to many recent works embraced by a wide  audience today, including young adults, most of whom are represented by the works below. '),
(10, 'Fiction', 'Fiction is the telling of stories which are not real. More specifically, fiction is an imaginative form of narrative, one of the four basic rhetorical modes. Although the word fiction is derived from the Latin fingo, fingere, finxi, fictum, "to form, create", works of fiction need not be entirely imaginary and  may include real people, places, and events. Fiction may be either written or oral. Although not all fiction is necessarily artistic, fiction is largely perceived as a form of art or entertainment. The ability to create fiction and other artistic works is considered to be a fundamental aspect of human culture, one of the defining characteristics of humanity.'),
(11, 'Graphic Novels', 'A graphic novel is a narrative work in which the story is conveyed to the reader using sequential art in either an experimental design or in a traditional comics format. The term is employed in a broad manner, encompassing non-fiction works and thematically linked short stories as well as fictional stories across a number of genres.'),
(12, 'Historical Fiction', 'Historical fiction presents a story set in the past, often during a significant time period. In historical fiction, the time period is an important part of the setting and often of the story itself.

Historical fiction may include fictional characters, well-known historical figures or a mixture of the two. Authors of historical fiction usually pay close attention to the details of their stories (settings, clothing, dialogue, etc.) to ensure that they fit the time periods in which the narratives take place.

In some historical fiction, famous events appear from points of view not recorded in history, showing historical figures dealing with actual events while depicting them in a way that is not recorded in history. Other times, the historical event or time period complements a story''s narrative, forming a framework and background for the characters'' lives. Sometimes, historical fiction can be for the most part true, but the names of people and places have been in some way altered.

As this is fiction, artistic license is permitted in regard to presentation and subject matter, so long as it does not deviate in significant ways from established history. If events should deviate significantly, the story may then fall into the genre of alternate history, which is known for speculating on what could have happened if a significant historical event had gone differently. On a similar note, events occurring in historical fiction must adhere to the laws of physics. Stories that extend into the magical or fantastic are often considered historical fantasy.'),

(13, 'History', 'History (from Greek ἱστορία - historia, meaning "inquiry, knowledge acquired by investigation") is the discovery, collection, organization, and presentation of information about past events. History can also mean the period of time after writing was invented. Scholars who write about history are called historians. It is a field of research which uses a narrative to examine and analyse the sequence of events, and it sometimes attempts to investigate objectively the patterns of cause and effect that determine events. Historians debate the nature of history and its usefulness. This includes discussing the study of the discipline as an end in itself and as a way of providing "perspective" on the problems of the present. The stories common to a particular culture, but not supported by external sources (such as the legends surrounding King Arthur) are usually classified as cultural heritage rather than the "disinterested investigation" needed by the discipline of history. Events of the past prior to written record are considered prehistory.
Amongst scholars, the fifth century BC Greek historian Herodotus is considered to be the "father of history", and, along with his contemporary Thucydides, forms the foundations for the modern study of history. Their influence, along with other historical traditions in other parts of their world, have spawned many different interpretations of the nature of history which has evolved over the centuries and are continuing to change. The modern study of history has many different fields including those that focus on certain regions and those which focus on certain topical or thematical elements of historical investigation. Often history is taught as part of primary and secondary education, and the academic study of history is a major discipline in University studies.'),
(14, 'Horror', 'Horror fiction is fiction in any medium intended to scare, unsettle, or horrify the audience. Historically, the cause of the "horror" experience has often been the intrusion of a supernatural element into everyday human experience. Since the 1960s, any work of fiction with a morbid, gruesome, surreal, or exceptionally suspenseful or frightening theme has come to be called "horror". Horror fiction often overlaps science fiction or fantasy, all three of which categories are sometimes placed under the umbrella classification speculative fiction.'),
(15, 'Memoir', 'As a literary genre, a memoir (from the French: mémoire from the Latin memoria, meaning "memory", or a reminiscence), forms a subclass of autobiography – although the terms ''memoir'' and ''autobiography'' are almost interchangeable in modern parlance. Memoir is autobiographical writing, but not all autobiographical writing follows the criteria for memoir.

Memoirs are structured differently from formal autobiographies which tend to encompass the writers entire life span, focusing on the development of his/her personality. The chronological scope of memoir is determined by the work''s context and is therefore more focused and flexible than the traditional arc of birth to childhood to old age as found in an autobiography.

Memoirs tended to be written by politicians or people in court society, later joined by military leaders and businessmen, and often dealt exclusively with the writer''s careers rather than their private life. Historically, memoirs have dealt with public matters, rather than personal. Many older memoirs contain little or no information about the writer, and are almost entirely concerned with other people. Modern expectations have changed this, even for heads of government. Like most autobiographies, memoirs are generally written from the first person point of view.

Gore Vidal, in his own memoir Palimpsest, gave a personal definition: "a memoir is how one remembers ones own life, while an autobiography is history, requiring research, dates, facts double-checked." It is more about what can be gleaned from a section of one''s life than about the outcome of the life as a whole.

Humorist Will Rogers put it a little more pithily: "Memoirs means when you put down the good things you ought to have done and leave out the bad ones you did do."'),
(16, 'Music', 'Books about music history, music genres and musicians.'),
(17, 'Mystery', 'Mystery fiction is a loosely-defined term that is often used as a synonym of detective fiction — in other words a novel or short story in which a detective (either professional or amateur) solves a crime. The term "mystery fiction" may sometimes be limited to the subset of detective stories in which the emphasis is on the puzzle element and its logical solution (cf. whodunit), as a contrast to hardboiled detective stories which focus on action and gritty realism. However, in more general usage "mystery" may be used to describe any form of crime fiction, even if there is no mystery to be solved. For example, the Mystery Writers of America describes itself as "the premier organization for mystery writers, professionals allied to the crime writing field, aspiring crime writers, and those who are devoted to the genre".

Although normally associated with the crime genre, the term "mystery fiction" may in certain situations refer to a completely different genre, where the focus is on supernatural mystery (even if no crime is involved). This usage was common in the pulp magazines of the 1930s and 1940s, where titles such as Dime Mystery, Thrilling Mystery and Spicy Mystery offered what at the time were described as "weird menace" stories – supernatural horror in the vein of Grand Guignol. This contrasted with parallel titles such as Dime Detective, Thrilling Detective and Spicy Detective, which contained conventional hardboiled crime fiction. The first use of "mystery" in this sense was by Dime Mystery, which started out as an ordinary crime fiction magazine but switched to "weird menace" during the latter part of 1933'),
(18, 'Nonfiction', 'Nonfiction is an account or representation of a subject which is presented as fact. This presentation may be accurate or not; that is, it can give either a true or a false account of the subject in question. However, it is generally assumed that the authors of such accounts believe them to be truthful at the time of their composition. Note that reporting the beliefs of others in a nonfiction format is not necessarily an endorsement of the ultimate veracity of those beliefs, it is simply saying that it is true that people believe that (for such topics as mythology, religion). Nonfiction can also be written about fiction, giving information about these other work

Nonfiction is one of the two main divisions in writing, particularly used in libraries, the other being fiction. However, nonfiction need not be written text necessarily, since pictures and film can also purport to present a factual account of a subject. '),
(19, 'Poetry', 'Poetry is a form of literary art in which language is used for its aesthetic and evocative qualities in addition to, or in lieu of, its apparent meaning. Poetry may be written independently, as discrete poems, or may occur in conjunction with other arts, as in poetic drama, hymns or lyrics.

Poetry, and discussions of it, have a long history. Early attempts to define poetry, such as Aristotles Poetics, focused on the uses of speech in rhetoric, drama, song and comedy.[1] Later attempts concentrated on features such as repetition and rhyme, and emphasised the aesthetics which distinguish poetry from prose.[2] From the mid-20th century, poetry has sometimes been more loosely defined as a fundamental creative act using language.[3]

Poetry often uses particular forms and conventions to expand the literal meaning of the words, or to evoke emotional or sensual responses. Devices such as assonance, alliteration, onomatopoeia and rhythm are sometimes used to achieve musical or incantatory effects. Poetry''s use of ambiguity, symbolism, irony and other stylistic elements of poetic diction often leaves a poem open to multiple interpretations. Similarly, metaphor and simile create a resonance between otherwise disparate images—a layering of meanings, forming connections previously not perceived. Kindred forms of resonance may exist, between individual verses, in their patterns of rhyme or rhythm.

Some forms of poetry are specific to particular cultures and genres, responding to the characteristics of the language in which the poet writes. While readers accustomed to identifying poetry with Dante, Goethe, Mickiewicz and Rumi may think of it as being written in rhyming lines and regular meter, there are traditions, such as those of Du Fu and Beowulf, that use other approaches to achieve rhythm and euphony. In today''s globalized world, poets often borrow styles, techniques and forms from diverse cultures and languages.'),
(20, 'Psychology', 'Books that involve psychology; the study of mental processes and human behavior.'),
(21, 'Romance', ' According to the Romance Writers of America, "Two basic elements comprise every romance novel: a central love story and an emotionally-satisfying and optimistic ending." Both the conflict and the climax of the novel should be directly related to that core theme of developing a romantic relationship, although the novel can also contain subplots that do not specifically relate to the main characters'' romantic love. Other definitions of a romance novel may be broader, including other plots and endings or more than two people, or narrower, restricting the types of romances or conflicts.'),
(22, 'Science', 'Science (from the Latin scientia, meaning “knowledge”) is the effort to discover, and increase human understanding of how the physical world works. Through controlled methods, science uses observable physical evidence of natural phenomena to collect data, and analyzes this information to explain what and how things work.'),
(23, 'Science Fiction', 'Science fiction (abbreviated SF or sci-fi with varying punctuation and capitalization) is a broad genre of fiction that often involves speculations based on current or future science or technology. Science fiction is found in books, art, television, films, games, theatre, and other media. In organizational or marketing contexts, science fiction can be synonymous with the broader definition of speculative fiction, encompassing creative works incorporating imaginative elements not found in contemporary reality; this includes fantasy, horror and related genres.

Although the two genres are often conflated as science fiction/fantasy, science fiction differs from fantasy in that, within the context of the story, its imaginary elements are largely possible within scientifically established or scientifically postulated laws of nature (though some elements in a story might still be pure imaginative speculation). Exploring the consequences of such differences is the traditional purpose of science fiction, making it a "literature of ideas". Science fantasy is largely based on writing entertainingly and rationally about alternate possibilities in settings that are contrary to known reality. '),
(24, 'Self Help', 'Self-help, or self-improvement, is a self-guided improvement[1]—economically, intellectually, or emotionally—often with a substantial psychological basis. Many different self-help groupings exist and each has its own focus, techniques, associated beliefs, proponents and in some cases, leaders. "Self-help culture, particularly Twelve-Step culture, has provided some of our most robust new language: recovery, dysfunctional families, and codependency."[2]'),
(25, 'Sports', 'Sports : engagement in physical activity intended to create a benefit to the participant. Ranging from Amateur to Professional, from incompetent to proficient, for all levels of ability, all nations, all creeds, all genders. As James Joyce said "I am, a stride at a time"'),
(26, 'Thriller', 'Thrillers are characterized by fast pacing, frequent action, and resourceful heroes who must thwart the plans of more-powerful and better-equipped villains. Literary devices such as suspense, red herrings and cliffhangers are used extensively.

Thrillers often overlap with mystery stories, but are distinguished by the structure of their plots. In a thriller, the hero must thwart the plans of an enemy, rather than uncover a crime that has already happened. Thrillers also occur on a much grander scale: the crimes that must be prevented are serial or mass murder, terrorism, assassination, or the overthrow of governments. Jeopardy and violent confrontations are standard plot elements. While a mystery climaxes when the mystery is solved, a thriller climaxes when the hero finally defeats the villain, saving his own life and often the lives of others. '),
(27, 'Travel', 'Travel is the movement of people or objects (such as airplanes, boats, trains and other conveyances) between relatively distant geographical locations. The term "travel" originates from the Old French word travail. Travel writing is a genre that has, as its focus, accounts of real or imaginary places. The genre encompasses a number of styles that may range from the documentary to the evocative, from literary to journalistic, and from the humorous to the serious. Travel writing is often associated with tourism, and includes works of an ephemeral nature such as guide books and reviews, with the intent being to educate the reader about the destination, provide helpful advice for those visiting the destination, and inspire readers to travel to the destination. Travel writing has also been produced by other types of travelers, such as military officers, missionaries, explorers, scientists, pilgrims, and migrants.'),
(28, 'Young Adult', 'Young-adult fiction (often abbreviated as YA) is fiction written for, published for, or marketed to adolescents and young adults, roughly ages 13 to 18.

Young-adult fiction, whether in the form of novels or short stories, has distinct attributes that distinguish it from the other age categories of fiction. The vast majority of YA stories portray an adolescent as the protagonist, rather than an adult or a child. The subject matter and story lines are typically consistent with the age and
                        experience of the main character, but beyond that YA stories span the entire spectrum of fiction genres. The settings of YA stories are limited only by the imagination and skill of the author.

Themes in YA stories often focus on the challenges of youth, so much so that the entire age category is sometimes referred to as problem novels or coming of age novel. Writing styles of YA stories range widely, from the richness of literary style to the clarity and speed of the unobtrusive. Despite its unique characteristics, YA shares the fundamental elements of fiction with other stories: character, plot, setting, theme, and style.')

;

INSERT INTO role
(id, name)
VALUES
(1, 'ROLE_ADMIN'), (2, 'ROLE_USER'), (3, 'ROLE_EDITOR')
;


INSERT INTO users_roles
(user_id, role_id)
VALUES
(1, 2),
(2, 2),
(3, 2),
(4, 2),
(5, 2),
(6, 2),
(7, 2),
(8, 2),
(9, 2),
(10, 2),
(11, 2),
(12, 2),
(13, 2),
(14, 2),
(15, 2),
(16, 2),
(17, 2),
(18, 2),
(19, 2),
(20, 2),
(21, 2),
(22, 2),
(23, 2),
(24, 2),
(25, 2),
(26, 2),
(27, 2),
(28, 2),
(29, 2),
(30, 2),
(31, 2),
(32, 2),
(33, 2),
(34, 2),
(35, 2),
(36, 2),
(37, 2),
(38, 2),
(39, 2),
(40, 2),
(41, 2),
(42, 2),
(43, 2),
(44, 2),
(45, 2),
(46, 2),
(47, 2),
(48, 2),
(49, 2),
(50, 2),
(51, 2),
(52, 2),
(53, 2),
(54, 2),
(55, 2),
(56, 2),
(57, 2),
(58, 2),
(59, 2),
(60, 2),
(61, 2),
(62, 2),
(63, 2),
(64, 2),
(65, 2),
(66, 2),
(67, 2),
(68, 2),
(69, 2),
(70, 2),
(71, 2),
(72, 2),
(73, 2),
(74, 2),
(75, 2),
(76, 2),
(77, 2),
(78, 2),
(79, 2),
(80, 2),
(81, 2),
(82, 2),
(83, 2),
(84, 2),
(85, 2),
(86, 2),
(87, 2),
(88, 2),
(89, 2),
(90, 2),
(91, 2),
(92, 2),
(93, 2),
(94, 2),
(95, 2),
(96, 2),
(97, 2),
(98, 2),
(99, 2),
(100, 2);




INSERT INTO review
(id, book_id, user_id, rating_value, review_text)
VALUES
(1,1,1,1,'in sodales elit erat vitae risus. Duis a mi fringilla mi lacinia mattis. Integer eu lacus. Quisque imperdiet, erat nonummy ultricies ornare, elit elit fermentum risus, at fringilla purus mauris a nunc. In at pede. Cras vulputate velit eu sem. Pellentesque ut ipsum ac'),(2,1,2,2,'arcu. Vestibulum ut eros non enim commodo hendrerit. Donec porttitor tellus non magna. Nam ligula elit, pretium et, rutrum non, hendrerit id, ante. Nunc mauris sapien, cursus in, hendrerit consectetuer, cursus et, magna. Praesent interdum ligula eu enim. Etiam imperdiet dictum'),(3,1,3,3,'sem ut dolor dapibus gravida. Aliquam tincidunt, nunc ac mattis ornare, lectus ante dictum mi,'),(4,1,4,1,'malesuada ut, sem. Nulla interdum. Curabitur dictum. Phasellus in felis. Nulla tempor augue ac ipsum. Phasellus vitae mauris sit amet lorem semper auctor. Mauris vel turpis. Aliquam adipiscing lobortis risus. In mi pede, nonummy ut, molestie in, tempus eu, ligula. Aenean'),(5,1,5,1,'quis arcu vel quam dignissim pharetra. Nam ac nulla. In tincidunt congue turpis. In condimentum. Donec at arcu. Vestibulum ante ipsum primis in faucibus orci luctus et ultrices posuere cubilia Curae; Donec tincidunt. Donec vitae erat vel pede blandit congue. In scelerisque'),(6,1,6,1,'urna suscipit nonummy. Fusce fermentum fermentum arcu. Vestibulum ante ipsum primis in faucibus orci luctus et ultrices posuere cubilia Curae; Phasellus ornare. Fusce mollis. Duis sit amet diam eu dolor'),(7,1,7,3,'est. Nunc laoreet lectus quis massa. Mauris vestibulum, neque sed dictum eleifend, nunc risus varius orci, in consequat enim diam vel arcu. Curabitur ut odio vel est tempor bibendum. Donec felis orci, adipiscing non, luctus sit amet, faucibus ut, nulla. Cras eu tellus eu augue porttitor interdum. Sed'),(8,1,8,2,'consequat auctor, nunc nulla vulputate dui, nec tempus mauris erat eget ipsum. Suspendisse sagittis. Nullam vitae diam.'),(9,1,9,1,'Nulla aliquet. Proin velit. Sed malesuada augue ut lacus. Nulla tincidunt, neque vitae semper egestas, urna justo faucibus lectus,'),(10,1,10,5,'malesuada fames ac turpis egestas. Fusce aliquet magna a neque. Nullam ut nisi a odio semper'),(11,1,11,2,'molestie dapibus ligula. Aliquam erat volutpat. Nulla dignissim. Maecenas ornare egestas ligula. Nullam feugiat placerat velit. Quisque varius. Nam porttitor scelerisque neque. Nullam nisl. Maecenas malesuada fringilla est. Mauris eu turpis. Nulla aliquet.'),(12,1,12,4,'vitae velit egestas lacinia. Sed congue, elit sed consequat auctor, nunc nulla'),(13,1,13,3,'nunc nulla vulputate dui, nec tempus mauris erat eget ipsum. Suspendisse sagittis. Nullam vitae diam. Proin dolor. Nulla semper tellus id nunc interdum feugiat. Sed nec metus facilisis lorem tristique aliquet. Phasellus fermentum convallis ligula. Donec luctus aliquet odio. Etiam ligula tortor, dictum eu, placerat eget, venenatis'),(14,1,14,1,'velit eu sem. Pellentesque ut ipsum ac mi eleifend egestas. Sed pharetra, felis eget varius ultrices, mauris ipsum porta elit, a feugiat tellus'),(15,1,15,2,'massa. Mauris vestibulum, neque sed dictum eleifend, nunc risus varius orci, in'),(16,1,16,2,'in, dolor. Fusce feugiat. Lorem ipsum dolor sit amet, consectetuer adipiscing elit. Aliquam auctor, velit eget laoreet posuere, enim nisl elementum purus,'),(17,1,17,4,'tellus id nunc interdum feugiat. Sed nec metus facilisis lorem tristique aliquet. Phasellus fermentum convallis'),(18,1,18,2,'Nam ligula elit, pretium et, rutrum non, hendrerit id, ante. Nunc mauris sapien, cursus in, hendrerit'),(19,1,19,3,'mauris. Morbi non sapien molestie orci tincidunt adipiscing. Mauris molestie pharetra nibh. Aliquam'),(20,1,20,4,'Integer sem elit, pharetra ut, pharetra sed, hendrerit a, arcu. Sed et libero. Proin mi. Aliquam gravida mauris ut mi. Duis risus odio,'),(21,1,21,4,'a, dui. Cras pellentesque. Sed dictum. Proin eget odio. Aliquam vulputate ullamcorper magna. Sed eu eros. Nam consequat dolor vitae dolor. Donec fringilla. Donec feugiat metus sit amet ante. Vivamus non lorem vitae odio sagittis semper. Nam tempor diam dictum sapien.'),(22,1,22,2,'faucibus orci luctus et ultrices posuere cubilia Curae; Donec tincidunt. Donec vitae erat vel pede blandit congue. In scelerisque scelerisque dui. Suspendisse ac'),(23,1,23,5,'odio vel est tempor bibendum. Donec felis orci, adipiscing non, luctus sit amet, faucibus ut, nulla. Cras eu tellus eu'),(24,1,24,4,'tristique senectus et netus et malesuada fames ac turpis egestas. Aliquam fringilla cursus purus. Nullam scelerisque neque sed sem egestas blandit. Nam nulla magna, malesuada vel, convallis in, cursus et, eros. Proin ultrices. Duis volutpat nunc sit amet metus. Aliquam erat volutpat. Nulla facilisis.'),(25,1,25,2,'enim, condimentum eget, volutpat ornare, facilisis eget, ipsum. Donec sollicitudin adipiscing ligula. Aenean gravida nunc sed pede. Cum sociis natoque penatibus et magnis dis parturient montes, nascetur ridiculus mus. Proin vel arcu eu odio tristique pharetra. Quisque ac libero nec ligula consectetuer rhoncus. Nullam velit dui, semper et, lacinia vitae,'),(26,1,26,5,'Nullam ut nisi a odio semper cursus. Integer mollis. Integer tincidunt aliquam arcu. Aliquam ultrices iaculis odio. Nam interdum enim non nisi. Aenean eget metus. In nec orci. Donec nibh. Quisque nonummy ipsum non arcu. Vivamus sit amet risus. Donec egestas. Aliquam nec enim. Nunc ut'),(27,1,27,4,'purus. Duis elementum, dui quis accumsan convallis, ante lectus convallis est, vitae sodales nisi magna sed dui. Fusce aliquam, enim nec tempus scelerisque, lorem ipsum sodales purus, in molestie tortor'),(28,1,28,1,'neque et nunc. Quisque ornare tortor at risus. Nunc ac'),(29,1,29,1,'blandit viverra. Donec tempus, lorem fringilla ornare placerat, orci lacus vestibulum lorem, sit amet ultricies sem magna nec quam. Curabitur vel lectus. Cum sociis natoque penatibus et magnis dis parturient montes, nascetur ridiculus mus. Donec dignissim magna a tortor. Nunc commodo auctor velit. Aliquam nisl. Nulla eu'),(30,1,30,1,'metus eu erat semper rutrum. Fusce dolor quam, elementum at, egestas a, scelerisque sed, sapien. Nunc pulvinar arcu et pede. Nunc'),(31,1,31,2,'non, cursus non, egestas a, dui. Cras pellentesque. Sed dictum. Proin eget odio. Aliquam vulputate ullamcorper magna. Sed eu'),(32,1,32,1,'sit amet, dapibus id, blandit at, nisi. Cum sociis natoque penatibus et magnis dis parturient montes, nascetur ridiculus mus. Proin vel nisl. Quisque fringilla euismod enim. Etiam gravida molestie arcu. Sed eu nibh vulputate mauris sagittis'),(33,1,33,4,'et magnis dis parturient montes, nascetur ridiculus mus. Proin vel arcu eu odio tristique pharetra. Quisque ac libero nec ligula consectetuer rhoncus. Nullam velit dui, semper et, lacinia vitae, sodales at, velit. Pellentesque ultricies dignissim lacus. Aliquam rutrum'),(34,1,34,2,'molestie tortor nibh sit amet orci. Ut sagittis lobortis mauris. Suspendisse aliquet molestie tellus. Aenean egestas hendrerit neque. In ornare sagittis felis. Donec tempor, est ac mattis semper, dui lectus rutrum urna, nec luctus felis purus ac tellus. Suspendisse sed dolor. Fusce mi lorem, vehicula'),(35,1,35,3,'Sed nunc est, mollis non, cursus non, egestas a, dui. Cras pellentesque. Sed dictum. Proin eget odio. Aliquam vulputate ullamcorper magna. Sed eu eros. Nam consequat dolor vitae dolor. Donec fringilla. Donec feugiat metus sit amet ante. Vivamus non lorem vitae odio sagittis'),(36,1,36,1,'in, dolor. Fusce feugiat. Lorem ipsum dolor sit amet, consectetuer adipiscing elit. Aliquam auctor, velit eget laoreet posuere, enim'),(37,1,37,1,'ornare, lectus ante dictum mi, ac mattis velit justo nec ante. Maecenas mi felis, adipiscing fringilla, porttitor vulputate, posuere vulputate, lacus. Cras interdum. Nunc sollicitudin commodo ipsum. Suspendisse non leo. Vivamus nibh dolor, nonummy ac, feugiat non, lobortis'),(38,1,38,1,'dui. Cum sociis natoque penatibus et magnis dis parturient montes, nascetur ridiculus mus. Aenean eget magna.'),(39,1,39,5,'magna et ipsum cursus vestibulum. Mauris magna. Duis dignissim tempor arcu. Vestibulum ut eros non enim commodo hendrerit. Donec'),(40,1,40,4,'In condimentum. Donec at arcu. Vestibulum ante ipsum primis in faucibus'),(41,1,41,3,'montes, nascetur ridiculus mus. Donec dignissim magna a tortor. Nunc commodo auctor velit. Aliquam nisl. Nulla eu neque pellentesque massa lobortis ultrices. Vivamus rhoncus. Donec est. Nunc ullamcorper, velit in aliquet lobortis, nisi nibh lacinia orci, consectetuer euismod est arcu ac orci. Ut semper pretium neque. Morbi'),(42,1,42,2,'Sed id risus quis diam luctus lobortis. Class aptent taciti sociosqu ad litora torquent'),(43,1,43,4,'justo. Praesent luctus. Curabitur egestas nunc sed libero. Proin sed turpis nec mauris blandit mattis. Cras eget nisi dictum augue malesuada malesuada. Integer id magna et ipsum cursus vestibulum. Mauris magna. Duis dignissim tempor arcu. Vestibulum ut eros'),(44,1,44,1,'quam, elementum at, egestas a, scelerisque sed, sapien. Nunc pulvinar arcu et pede. Nunc sed orci lobortis augue scelerisque'),(45,1,45,3,'a feugiat tellus lorem eu metus. In lorem. Donec elementum, lorem ut aliquam iaculis, lacus pede sagittis augue, eu'),(46,1,46,3,'Sed nulla ante, iaculis nec, eleifend non, dapibus rutrum, justo. Praesent luctus. Curabitur egestas nunc sed libero. Proin sed turpis nec mauris blandit mattis. Cras eget nisi dictum augue malesuada malesuada. Integer id magna et ipsum cursus vestibulum. Mauris magna. Duis dignissim tempor arcu.'),(47,1,47,3,'ligula. Aliquam erat volutpat. Nulla dignissim. Maecenas ornare egestas ligula. Nullam feugiat placerat velit. Quisque varius. Nam porttitor scelerisque neque.'),(48,1,48,3,'eros nec tellus. Nunc lectus pede, ultrices a, auctor non, feugiat nec, diam. Duis mi enim, condimentum eget, volutpat ornare, facilisis eget, ipsum. Donec sollicitudin adipiscing ligula. Aenean gravida nunc sed pede. Cum sociis natoque penatibus et'),(49,1,49,2,'at, egestas a, scelerisque sed, sapien. Nunc pulvinar arcu et pede. Nunc sed orci lobortis augue'),(50,1,50,4,'sit amet metus. Aliquam erat volutpat. Nulla facilisis. Suspendisse commodo tincidunt nibh. Phasellus nulla. Integer vulputate, risus a ultricies adipiscing, enim mi tempor lorem, eget mollis lectus pede et risus. Quisque libero lacus, varius et, euismod et, commodo at, libero. Morbi accumsan laoreet ipsum. Curabitur consequat, lectus sit amet luctus'),(51,1,51,4,'mauris id sapien. Cras dolor dolor, tempus non, lacinia at, iaculis quis, pede. Praesent eu dui. Cum sociis natoque penatibus et magnis dis parturient montes, nascetur ridiculus mus. Aenean eget magna. Suspendisse tristique neque venenatis'),(52,1,52,4,'leo, in lobortis tellus justo sit amet nulla. Donec non justo. Proin non massa non ante bibendum ullamcorper. Duis cursus, diam'),(53,1,53,4,'quam, elementum at, egestas a, scelerisque sed, sapien. Nunc pulvinar arcu et pede. Nunc sed orci lobortis augue scelerisque mollis. Phasellus libero mauris, aliquam eu, accumsan sed, facilisis vitae, orci. Phasellus dapibus quam quis diam. Pellentesque habitant morbi tristique senectus et netus et malesuada'),(54,1,54,3,'nisi nibh lacinia orci, consectetuer euismod est arcu ac orci. Ut semper pretium neque. Morbi quis urna. Nunc quis arcu vel quam dignissim pharetra. Nam ac nulla. In tincidunt congue turpis. In condimentum. Donec at arcu. Vestibulum'),(55,1,55,2,'ante. Maecenas mi felis, adipiscing fringilla, porttitor vulputate, posuere vulputate, lacus.'),(56,1,56,4,'molestie tellus. Aenean egestas hendrerit neque. In ornare sagittis felis. Donec tempor, est ac mattis semper, dui lectus rutrum'),(57,1,57,3,'ornare egestas ligula. Nullam feugiat placerat velit. Quisque varius. Nam porttitor scelerisque neque. Nullam nisl. Maecenas malesuada fringilla est. Mauris eu turpis. Nulla aliquet. Proin velit. Sed malesuada augue'),(58,1,58,3,'at pretium aliquet, metus urna convallis erat, eget tincidunt dui augue eu tellus. Phasellus elit pede, malesuada vel, venenatis vel, faucibus id, libero. Donec consectetuer mauris id sapien. Cras dolor dolor, tempus non, lacinia at, iaculis quis, pede. Praesent eu dui. Cum sociis natoque penatibus et magnis dis parturient montes,'),(59,1,59,4,'Nulla interdum. Curabitur dictum. Phasellus in felis. Nulla tempor augue ac ipsum. Phasellus vitae mauris sit amet lorem semper auctor. Mauris vel turpis. Aliquam adipiscing lobortis risus.'),(60,1,60,2,'sodales elit erat vitae risus. Duis a mi fringilla mi lacinia mattis. Integer eu lacus. Quisque imperdiet, erat nonummy ultricies ornare, elit elit fermentum risus, at fringilla purus mauris a nunc. In at pede. Cras vulputate velit eu sem. Pellentesque ut ipsum'),(61,1,61,1,'Sed molestie. Sed id risus quis diam luctus lobortis. Class aptent taciti sociosqu ad litora torquent per conubia nostra, per inceptos hymenaeos. Mauris ut quam vel sapien imperdiet ornare. In faucibus. Morbi vehicula. Pellentesque tincidunt tempus risus. Donec egestas.'),(62,1,62,3,'varius ultrices, mauris ipsum porta elit, a feugiat tellus lorem eu metus. In lorem. Donec elementum, lorem ut aliquam iaculis, lacus pede sagittis augue, eu tempor erat neque non quam. Pellentesque habitant morbi tristique senectus et netus et malesuada'),(63,1,63,2,'Integer urna. Vivamus molestie dapibus ligula. Aliquam erat volutpat. Nulla dignissim. Maecenas ornare egestas ligula. Nullam feugiat placerat velit. Quisque varius. Nam porttitor scelerisque neque. Nullam nisl. Maecenas malesuada fringilla est. Mauris eu turpis. Nulla aliquet. Proin'),(64,1,64,2,'arcu eu odio tristique pharetra. Quisque ac libero nec ligula'),(65,1,65,4,'dui lectus rutrum urna, nec luctus felis purus ac tellus. Suspendisse sed dolor. Fusce mi lorem, vehicula et, rutrum eu, ultrices sit amet, risus. Donec nibh enim, gravida sit amet, dapibus id, blandit at, nisi. Cum sociis natoque penatibus et magnis dis parturient montes, nascetur'),(66,1,66,4,'libero at auctor ullamcorper, nisl arcu iaculis enim, sit amet ornare lectus justo eu arcu. Morbi sit amet massa. Quisque porttitor eros nec tellus. Nunc lectus pede, ultrices'),(67,1,67,1,'nisi a odio semper cursus. Integer mollis. Integer tincidunt aliquam arcu. Aliquam ultrices iaculis odio. Nam interdum enim non nisi. Aenean eget metus. In nec orci.'),(68,1,68,4,'posuere cubilia Curae; Phasellus ornare. Fusce mollis. Duis sit amet diam eu dolor egestas rhoncus. Proin nisl sem, consequat nec, mollis vitae, posuere at, velit. Cras lorem'),(69,1,69,3,'dis parturient montes, nascetur ridiculus mus. Donec dignissim magna a tortor. Nunc commodo auctor velit. Aliquam nisl. Nulla eu neque pellentesque massa lobortis ultrices. Vivamus rhoncus.'),(70,1,70,3,'sodales at, velit. Pellentesque ultricies dignissim lacus. Aliquam rutrum lorem ac risus. Morbi metus. Vivamus euismod urna. Nullam lobortis quam a felis ullamcorper viverra. Maecenas iaculis aliquet diam. Sed diam lorem, auctor quis, tristique ac, eleifend vitae, erat. Vivamus'),(71,1,71,1,'dapibus ligula. Aliquam erat volutpat. Nulla dignissim. Maecenas ornare egestas ligula. Nullam feugiat placerat velit. Quisque varius. Nam porttitor scelerisque neque. Nullam nisl. Maecenas malesuada fringilla est. Mauris eu'),(72,1,72,2,'Proin vel arcu eu odio tristique pharetra. Quisque ac libero nec ligula consectetuer rhoncus. Nullam velit dui, semper et, lacinia vitae, sodales at, velit. Pellentesque ultricies dignissim lacus. Aliquam rutrum lorem ac risus. Morbi metus. Vivamus euismod urna. Nullam lobortis quam a felis'),(73,1,73,1,'molestie tortor nibh sit amet orci. Ut sagittis lobortis mauris. Suspendisse aliquet molestie tellus. Aenean egestas hendrerit neque. In ornare sagittis felis. Donec tempor, est ac mattis semper, dui lectus rutrum urna, nec luctus felis purus ac tellus. Suspendisse sed dolor. Fusce mi lorem, vehicula et,'),(74,1,74,4,'lectus sit amet luctus vulputate, nisi sem semper erat, in consectetuer ipsum nunc id enim. Curabitur massa. Vestibulum accumsan neque et nunc. Quisque ornare tortor at risus. Nunc ac sem ut dolor dapibus gravida. Aliquam tincidunt, nunc ac mattis ornare, lectus ante dictum mi,'),(75,1,75,4,'non quam. Pellentesque habitant morbi tristique senectus et netus et malesuada fames ac turpis egestas. Aliquam fringilla cursus purus. Nullam scelerisque neque sed sem egestas blandit. Nam nulla magna, malesuada vel, convallis in, cursus et, eros. Proin ultrices. Duis volutpat nunc sit amet metus. Aliquam erat'),(76,1,76,1,'Vestibulum ante ipsum primis in faucibus orci luctus et ultrices posuere cubilia Curae; Donec tincidunt. Donec vitae erat vel pede blandit congue. In'),(77,1,77,3,'orci lacus vestibulum lorem, sit amet ultricies sem magna nec quam. Curabitur vel lectus. Cum sociis natoque penatibus et magnis dis parturient montes, nascetur ridiculus mus. Donec dignissim magna a tortor. Nunc commodo'),(78,1,78,2,'sem ut dolor dapibus gravida. Aliquam tincidunt, nunc ac mattis ornare, lectus ante dictum mi, ac mattis velit justo nec ante. Maecenas mi felis, adipiscing fringilla, porttitor vulputate, posuere vulputate, lacus. Cras'),(79,1,79,3,'Duis volutpat nunc sit amet metus. Aliquam erat volutpat. Nulla facilisis. Suspendisse commodo tincidunt nibh. Phasellus nulla. Integer vulputate, risus a ultricies adipiscing, enim'),(80,1,80,4,'odio vel est tempor bibendum. Donec felis orci, adipiscing non, luctus sit amet, faucibus ut, nulla. Cras eu tellus eu augue porttitor interdum. Sed auctor odio a purus. Duis elementum, dui'),(81,1,81,1,'dolor, tempus non, lacinia at, iaculis quis, pede. Praesent eu'),(82,1,82,2,'ornare. Fusce mollis. Duis sit amet diam eu dolor egestas rhoncus. Proin nisl sem, consequat nec, mollis vitae, posuere at, velit. Cras lorem lorem, luctus ut, pellentesque eget, dictum placerat, augue. Sed molestie. Sed id risus'),(83,1,83,1,'sed dui. Fusce aliquam, enim nec tempus scelerisque, lorem ipsum sodales purus, in molestie tortor nibh sit amet orci. Ut sagittis lobortis mauris. Suspendisse aliquet molestie'),(84,1,84,2,'placerat velit. Quisque varius. Nam porttitor scelerisque neque. Nullam nisl. Maecenas malesuada fringilla est. Mauris eu'),(85,1,85,3,'nunc interdum feugiat. Sed nec metus facilisis lorem tristique aliquet. Phasellus fermentum convallis ligula. Donec luctus aliquet odio. Etiam ligula tortor, dictum eu, placerat eget, venenatis a, magna. Lorem ipsum dolor sit amet, consectetuer adipiscing elit. Etiam laoreet, libero et tristique pellentesque, tellus sem mollis'),(86,1,86,5,'dignissim magna a tortor. Nunc commodo auctor velit. Aliquam nisl. Nulla eu neque pellentesque massa lobortis ultrices. Vivamus rhoncus. Donec est. Nunc ullamcorper, velit in aliquet lobortis,'),(87,1,87,4,'facilisis non, bibendum sed, est. Nunc laoreet lectus quis massa. Mauris vestibulum, neque sed dictum eleifend, nunc risus varius orci, in consequat enim diam vel arcu. Curabitur ut odio vel est tempor bibendum. Donec felis orci, adipiscing non, luctus sit amet, faucibus ut, nulla. Cras eu tellus eu'),(88,1,88,3,'vitae odio sagittis semper. Nam tempor diam dictum sapien. Aenean massa. Integer vitae nibh. Donec est mauris, rhoncus id, mollis nec, cursus a, enim. Suspendisse aliquet, sem ut cursus luctus, ipsum leo elementum sem, vitae aliquam eros turpis non enim. Mauris quis turpis'),(89,1,89,2,'amet ante. Vivamus non lorem vitae odio sagittis semper. Nam tempor diam dictum sapien. Aenean massa. Integer vitae nibh. Donec est mauris, rhoncus id, mollis nec, cursus a, enim. Suspendisse aliquet,'),(90,1,90,1,'Sed molestie. Sed id risus quis diam luctus lobortis. Class aptent taciti sociosqu ad litora torquent per conubia nostra, per inceptos hymenaeos. Mauris ut'),(91,1,91,4,'Phasellus dolor elit, pellentesque a, facilisis non, bibendum sed, est. Nunc laoreet lectus quis massa. Mauris vestibulum, neque sed dictum eleifend, nunc risus varius orci,'),(92,1,92,1,'penatibus et magnis dis parturient montes, nascetur ridiculus mus. Donec dignissim magna a tortor. Nunc commodo auctor velit. Aliquam nisl. Nulla eu neque pellentesque massa lobortis ultrices. Vivamus rhoncus. Donec est. Nunc ullamcorper, velit in aliquet lobortis, nisi nibh lacinia orci, consectetuer euismod est arcu'),(93,1,93,5,'vitae purus gravida sagittis. Duis gravida. Praesent eu nulla at sem molestie sodales. Mauris blandit enim consequat purus. Maecenas libero est, congue a, aliquet vel, vulputate eu, odio. Phasellus at augue id ante dictum cursus.'),(94,1,94,5,'mauris sapien, cursus in, hendrerit consectetuer, cursus et, magna. Praesent interdum ligula eu enim. Etiam imperdiet dictum magna. Ut tincidunt orci quis lectus. Nullam suscipit, est ac facilisis facilisis, magna tellus faucibus leo,'),(95,1,95,5,'consequat nec, mollis vitae, posuere at, velit. Cras lorem lorem, luctus ut, pellentesque eget, dictum placerat, augue. Sed molestie. Sed id risus quis diam luctus lobortis. Class aptent taciti sociosqu ad litora torquent per conubia nostra, per inceptos'),(96,1,96,5,'elit sed consequat auctor, nunc nulla vulputate dui, nec tempus mauris erat eget'),(97,1,97,3,'massa. Quisque porttitor eros nec tellus. Nunc lectus pede, ultrices a, auctor non, feugiat nec, diam. Duis mi enim, condimentum eget, volutpat ornare, facilisis eget, ipsum. Donec sollicitudin adipiscing ligula. Aenean gravida nunc sed pede. Cum sociis natoque'),(98,1,98,2,'id nunc interdum feugiat. Sed nec metus facilisis lorem tristique aliquet. Phasellus fermentum convallis ligula. Donec luctus aliquet odio. Etiam ligula tortor, dictum eu, placerat eget, venenatis a, magna. Lorem'),(99,1,99,2,'dictum. Phasellus in felis. Nulla tempor augue ac ipsum. Phasellus vitae mauris sit amet lorem semper auctor. Mauris vel turpis. Aliquam adipiscing lobortis risus. In mi pede, nonummy ut, molestie in, tempus eu, ligula. Aenean euismod mauris'),(100,1,100,3,'facilisis eget, ipsum. Donec sollicitudin adipiscing ligula. Aenean gravida nunc sed pede. Cum sociis natoque penatibus et magnis dis parturient montes, nascetur ridiculus mus. Proin vel arcu eu odio tristique')
,(101,2,1,3,'sit amet, consectetuer adipiscing elit. Etiam laoreet, libero et tristique pellentesque, tellus'),(102,2,2,1,'vel arcu eu odio tristique pharetra. Quisque ac libero nec ligula consectetuer rhoncus. Nullam velit dui, semper et, lacinia vitae, sodales at, velit. Pellentesque ultricies dignissim lacus. Aliquam rutrum lorem ac risus. Morbi metus. Vivamus euismod urna. Nullam lobortis quam a felis ullamcorper viverra.'),(103,2,3,5,'sit amet nulla. Donec non justo. Proin non massa non ante bibendum ullamcorper. Duis cursus, diam at pretium aliquet, metus urna convallis'),(104,2,4,1,'vitae, aliquet nec, imperdiet nec, leo. Morbi neque tellus, imperdiet non, vestibulum nec, euismod in, dolor. Fusce'),(105,2,5,1,'at risus. Nunc ac sem ut dolor dapibus gravida. Aliquam tincidunt,'),(106,2,6,3,'ac risus. Morbi metus. Vivamus euismod urna. Nullam lobortis quam a felis ullamcorper viverra. Maecenas iaculis aliquet diam. Sed diam lorem, auctor quis, tristique ac, eleifend vitae, erat. Vivamus nisi. Mauris nulla.'),(107,2,7,4,'metus eu erat semper rutrum. Fusce dolor quam, elementum at, egestas a, scelerisque sed,'),(108,2,8,3,'aliquet nec, imperdiet nec, leo. Morbi neque tellus, imperdiet non, vestibulum nec, euismod in, dolor. Fusce feugiat. Lorem ipsum dolor sit amet, consectetuer adipiscing elit. Aliquam auctor, velit eget laoreet posuere, enim nisl elementum purus, accumsan interdum libero dui nec'),(109,2,9,5,'Aliquam erat volutpat. Nulla dignissim. Maecenas ornare egestas ligula. Nullam feugiat placerat velit. Quisque varius. Nam porttitor scelerisque neque. Nullam nisl. Maecenas malesuada fringilla est. Mauris eu'),(110,2,10,1,'Phasellus in felis. Nulla tempor augue ac ipsum. Phasellus vitae mauris sit amet lorem semper auctor. Mauris vel turpis. Aliquam adipiscing lobortis risus. In mi pede, nonummy ut, molestie in, tempus eu, ligula. Aenean euismod')
,(111,3,1,5,'ipsum. Donec sollicitudin adipiscing ligula. Aenean gravida nunc sed pede. Cum sociis natoque penatibus et magnis'),(112,3,2,4,'tristique pharetra. Quisque ac libero nec ligula consectetuer rhoncus. Nullam velit dui, semper et, lacinia vitae, sodales at, velit. Pellentesque'),(113,3,3,1,'rhoncus. Proin nisl sem, consequat nec, mollis vitae, posuere at, velit. Cras lorem lorem, luctus ut, pellentesque eget, dictum placerat, augue. Sed molestie. Sed id risus quis diam luctus lobortis.'),(114,3,4,5,'magnis dis parturient montes, nascetur ridiculus mus. Proin vel arcu eu odio tristique pharetra. Quisque ac libero nec ligula consectetuer rhoncus.'),(115,3,5,5,'ultrices iaculis odio. Nam interdum enim non nisi. Aenean eget metus. In nec orci. Donec nibh. Quisque nonummy ipsum non arcu. Vivamus sit amet risus. Donec egestas. Aliquam'),(116,3,6,1,'magnis dis parturient montes, nascetur ridiculus mus. Proin vel nisl. Quisque fringilla euismod enim. Etiam gravida molestie arcu. Sed eu'),(117,3,7,2,'gravida. Aliquam tincidunt, nunc ac mattis ornare, lectus ante dictum mi, ac mattis velit justo nec ante. Maecenas mi felis, adipiscing fringilla, porttitor vulputate,'),(118,3,8,3,'magna. Cras convallis convallis dolor. Quisque tincidunt pede ac urna. Ut tincidunt vehicula risus. Nulla eget metus eu erat semper rutrum. Fusce dolor quam, elementum at, egestas a, scelerisque sed, sapien. Nunc pulvinar arcu et pede. Nunc sed orci'),(119,3,9,3,'pede, malesuada vel, venenatis vel, faucibus id, libero. Donec consectetuer mauris id sapien. Cras dolor dolor, tempus non, lacinia at, iaculis quis, pede. Praesent eu dui. Cum sociis natoque penatibus et magnis dis parturient montes, nascetur ridiculus mus. Aenean eget magna. Suspendisse tristique neque venenatis lacus. Etiam'),(120,3,10,1,'pede. Praesent eu dui. Cum sociis natoque penatibus et magnis dis parturient'),(121,3,11,5,'ridiculus mus. Proin vel arcu eu odio tristique pharetra. Quisque ac libero nec ligula consectetuer rhoncus. Nullam velit dui, semper et, lacinia vitae, sodales at, velit. Pellentesque ultricies dignissim lacus. Aliquam rutrum lorem ac risus. Morbi metus. Vivamus euismod'),(122,3,12,1,'facilisis facilisis, magna tellus faucibus leo, in lobortis tellus justo sit amet nulla. Donec non justo.'),(123,3,13,3,'adipiscing elit. Curabitur sed tortor. Integer aliquam adipiscing lacus. Ut nec urna et arcu imperdiet ullamcorper. Duis at lacus. Quisque purus sapien, gravida'),(124,3,14,5,'In condimentum. Donec at arcu. Vestibulum ante ipsum primis in faucibus orci luctus et ultrices posuere cubilia Curae; Donec'),(125,3,15,1,'rutrum urna, nec luctus felis purus ac tellus. Suspendisse sed dolor. Fusce mi lorem, vehicula et, rutrum eu, ultrices sit amet, risus. Donec nibh enim, gravida sit amet, dapibus id, blandit at, nisi. Cum sociis natoque penatibus et magnis'),(126,3,16,3,'velit eu sem. Pellentesque ut ipsum ac mi eleifend egestas. Sed pharetra, felis eget varius ultrices, mauris ipsum porta elit, a feugiat'),(127,3,17,3,'mi lacinia mattis. Integer eu lacus. Quisque imperdiet, erat nonummy ultricies ornare, elit elit fermentum risus, at fringilla purus mauris a nunc. In at pede. Cras vulputate velit eu sem. Pellentesque ut ipsum ac mi eleifend egestas. Sed pharetra, felis'),(128,3,18,1,'Ut tincidunt vehicula risus. Nulla eget metus eu erat semper rutrum. Fusce dolor quam, elementum at, egestas a, scelerisque sed, sapien. Nunc pulvinar arcu et pede. Nunc sed orci lobortis augue scelerisque mollis.'),(129,3,19,5,'nisi dictum augue malesuada malesuada. Integer id magna et ipsum cursus vestibulum. Mauris'),(130,3,20,3,'egestas, urna justo faucibus lectus, a sollicitudin orci sem eget massa. Suspendisse'),(131,3,21,4,'felis. Nulla tempor augue ac ipsum. Phasellus vitae mauris sit amet lorem semper auctor. Mauris vel turpis. Aliquam adipiscing lobortis risus. In mi pede, nonummy ut, molestie in, tempus eu, ligula. Aenean euismod mauris eu elit. Nulla facilisi. Sed neque. Sed eget'),(132,3,22,3,'vitae, posuere at, velit. Cras lorem lorem, luctus ut, pellentesque eget, dictum'),(133,3,23,4,'blandit. Nam nulla magna, malesuada vel, convallis in, cursus et, eros. Proin ultrices. Duis volutpat'),(134,3,24,1,'luctus vulputate, nisi sem semper erat, in consectetuer ipsum nunc id enim. Curabitur massa. Vestibulum accumsan neque et nunc. Quisque ornare tortor at risus. Nunc ac sem ut dolor dapibus gravida. Aliquam tincidunt, nunc ac mattis ornare, lectus ante dictum mi, ac'),(135,3,25,5,'neque venenatis lacus. Etiam bibendum fermentum metus. Aenean sed pede nec ante blandit viverra. Donec tempus, lorem fringilla ornare placerat, orci lacus vestibulum lorem,'),(136,3,26,2,'orci, consectetuer euismod est arcu ac orci. Ut semper pretium neque. Morbi quis urna. Nunc quis arcu vel quam dignissim pharetra. Nam ac nulla. In tincidunt congue turpis. In condimentum. Donec at arcu. Vestibulum ante ipsum'),(137,3,27,3,'malesuada fames ac turpis egestas. Aliquam fringilla cursus purus. Nullam scelerisque neque sed sem egestas blandit. Nam nulla magna, malesuada vel, convallis in,'),(138,3,28,4,'malesuada ut, sem. Nulla interdum. Curabitur dictum. Phasellus in felis. Nulla tempor augue ac ipsum. Phasellus vitae mauris sit amet lorem semper auctor. Mauris vel turpis. Aliquam adipiscing lobortis risus.'),(139,3,29,3,'Sed dictum. Proin eget odio. Aliquam vulputate ullamcorper magna. Sed eu eros. Nam consequat dolor vitae dolor. Donec fringilla. Donec feugiat metus sit amet ante.'),(140,3,30,2,'nulla at sem molestie sodales. Mauris blandit enim consequat purus. Maecenas libero est, congue a, aliquet vel, vulputate eu, odio. Phasellus at augue id ante dictum cursus. Nunc mauris elit, dictum')
;
























