
insert into user
(id, username, password, first_name, last_name, email)
values
(1,'user1','QVX54GTG1IX','Noelle','Wood','ligula.Aenean@purus.co.uk'),(2,'user2','ORE17SYP5XE','Wade','Maddox','mus@ultricessitamet.net'),(3,'user3','FWF96HMU1LD','Brandon','Newman','Curabitur.egestas.nunc@Integer.com'),(4,'user4','QCL44AGX1YT','Sonia','Hancock','felis.adipiscing@Nullasemper.net'),(5,'user5','JAL89QZD0SU','Yuli','Perkins','Etiam.ligula.tortor@antelectusconvallis.com'),(6,'user6','MRQ92RWQ5FC','Neil','Cole','justo.Proin@pedeac.edu'),(7,'user7','VGT22OJE1QG','Lewis','Ballard','at.velit.Pellentesque@dapibusquam.co.uk'),(8,'user8','VFA21WVR3OU','Wallace','Holmes','nonummy@semper.com'),(9,'user9','VQT75YOC4VM','Casey','Knight','erat@tempusmauris.net'),(10,'user10','YGU03KWA4DW','Lacy','Robinson','enim@gravidaPraesent.ca'),(11,'user11','TRL19DYK8NH','Peter','Daniel','consectetuer.adipiscing@sit.net'),(12,'user12','SIK16XMJ9ET','Hillary','Bridges','sociis.natoque.penatibus@morbitristique.ca'),(13,'user13','RVK42AKW5VQ','Luke','Morrow','tristique.pellentesque.tellus@eu.co.uk'),(14,'user14','RVI28CUR3WN','Zachery','Ray','lacus.Etiam@Aeneanegetmagna.ca'),(15,'user15','HAK33GSI0NM','Ainsley','Knapp','elit.pharetra@arcuiaculisenim.org'),(16,'user16','MSR35YME8UT','Rooney','Justice','eget.odio@loremut.edu'),(17,'user17','TQM62ZXS0EV','Fitzgerald','Reilly','elit.erat@diamluctuslobortis.edu'),(18,'user18','GYO10XPS2YL','Colby','Welch','sit.amet@seddui.org'),(19,'user19','ISD74WOW1RS','Rajah','Donaldson','neque.In@arcu.ca'),(20,'user20','VTT12WZM3OD','Paloma','Anderson','molestie.orci.tincidunt@duinec.org'),(21,'user21','ZIE65GWC8ZZ','Miranda','Snyder','est.tempor@nislQuisque.com'),(22,'user22','WBA73CVY0ER','Leah','Reeves','pellentesque.Sed@lacusNullatincidunt.edu'),(23,'user23','ZII34VTC5BO','Otto','Blackwell','elit.elit@velsapienimperdiet.net'),(24,'user24','VEY57JYH8EG','Russell','Wise','ac.feugiat@elitAliquamauctor.ca'),(25,'user25','CMM61SBD8MW','Phyllis','Mcmillan','tristique.pharetra.Quisque@nunc.co.uk'),(26,'user26','SMW34NUW6CY','Zachary','Slater','quis.pede.Praesent@laciniaatiaculis.co.uk'),(27,'user27','NRR46MTT2WV','Noah','Goodman','mauris.id@Nullamlobortisquam.edu'),(28,'user28','SSI52FJM9NY','Davis','Roy','senectus.et@eutemporerat.co.uk'),(29,'user29','SFX85OHA4YR','Carol','Riley','aliquam@lacusCras.net'),(30,'user30','TEC24RBT0DT','Linda','Mcfadden','enim@estNunc.net'),(31,'user31','JMK01ETP2XA','Quinn','Adams','quam.vel@ametmassa.com'),(32,'user32','LDE47QEX2NS','Veda','Hensley','et.eros@elementumpurus.net'),(33,'user33','RQO26LXZ0EE','Rae','Bryant','urna.convallis@disparturient.org'),(34,'user34','XZH29QOL2YO','Mariko','Rogers','vitae.erat.Vivamus@consectetueripsum.org'),(35,'user35','NPZ24AVE8XD','Sybill','Crawford','Aliquam@lacus.ca'),(36,'user36','BUN24HJY7OG','Chantale','Waters','magna@SuspendisseeleifendCras.ca'),(37,'user37','FGP99KDX3AB','Josephine','Mccullough','Sed.dictum@miAliquam.com'),(38,'user38','ZNI85FXY9BS','Perry','Estrada','egestas@velsapien.edu'),(39,'user39','AHM17KZK8BO','Charity','Zimmerman','urna.Nullam.lobortis@erosnectellus.com'),(40,'user40','LVW62CAJ0OW','Rebekah','Vega','Cum@hymenaeosMaurisut.ca'),(41,'user41','AST28GNN7YB','Hadassah','Sweeney','ultrices.a@nislarcu.org'),(42,'user42','TTU85KJU5XM','Quyn','Romero','rhoncus.id@ipsumCurabitur.co.uk'),(43,'user43','XQE27UVE4BB','Riley','Kaufman','erat@gravidamaurisut.net'),(44,'user44','WZN60DEY2GH','Sandra','York','et.nunc.Quisque@semper.ca'),(45,'user45','QHK22FDC3KT','Aspen','Woodward','quis.lectus.Nullam@eleifend.com'),(46,'user46','MLU70PUM3YE','Griffith','Patel','Maecenas.ornare@dolorDonec.edu'),(47,'user47','EKI41LHE7CA','Carter','Barker','Sed.et@FuscemollisDuis.edu'),(48,'user48','XPR13OSQ3SU','Cameron','Harris','Phasellus.nulla.Integer@feugiatplaceratvelit.com'),(49,'user49','BJS15FQB2XZ','Shellie','Mccormick','sed@egestasadui.co.uk'),(50,'user50','POC95LDY7ME','Zeus','Greer','dolor.Quisque.tincidunt@mauris.net'),(51,'user51','AVR10WGK6DN','Bruno','Morrow','aliquet.lobortis@risusDonec.com'),(52,'user52','BSV96VUK3LO','Iris','Kerr','est@ornarelectusante.co.uk'),(53,'user53','PAC69QLQ7LG','Kimberly','Bennett','montes.nascetur@ligula.ca'),(54,'user54','SVO33JDQ4PG','Berk','Knapp','a.odio@semper.ca'),(55,'user55','HRG11JZB2LF','Alea','Reynolds','lorem.ipsum@magnaSuspendisse.org'),(56,'user56','CGP07MTE3VT','Kylynn','Webster','massa.non.ante@enimEtiamimperdiet.co.uk'),(57,'user57','NLI34JLK7PU','Caldwell','Salinas','neque.et.nunc@sitametluctus.org'),(58,'user58','NCB32XAV6AJ','Phyllis','Montoya','sed@egestasascelerisque.ca'),(59,'user59','THE11PYO6YT','Quail','Shannon','lectus.Cum.sociis@nuncacmattis.ca'),(60,'user60','GIL62UMZ5CM','Sierra','Hoover','faucibus.leo.in@suscipitnonummy.ca'),(61,'user61','VWJ99MLJ8MA','Zena','Chandler','Mauris@risus.ca'),(62,'user62','CUS59UHT8VJ','Charles','Richmond','egestas@tacitisociosquad.org'),(63,'user63','ZUZ61RLJ8OZ','Flynn','Nash','mauris.rhoncus@Ut.co.uk'),(64,'user64','ADA09UVF8QV','Isadora','Beasley','sapien@Cumsociisnatoque.ca'),(65,'user65','ZST19UEW4JY','Maryam','Reyes','orci.sem.eget@enimMaurisquis.com'),(66,'user66','KOQ37JJZ6LT','George','David','Quisque.libero.lacus@tellusimperdietnon.com'),(67,'user67','XKR41FWC1LK','Hedy','Calhoun','a.mi@Loremipsum.edu'),(68,'user68','GSO88EVC9SD','Porter','Carney','consectetuer.rhoncus.Nullam@auctor.edu'),(69,'user69','DGZ33YDZ1NX','Florence','Hammond','feugiat@sollicitudin.com'),(70,'user70','TXD75LNW9NT','Winter','Medina','tellus.lorem@Nullamsuscipitest.net'),(71,'user71','ZDY77CCD9LX','Ella','Aguilar','quis@purusmauris.co.uk'),(72,'user72','BOT89ROU5KP','Philip','Banks','molestie.orci.tincidunt@inaliquet.org'),(73,'user73','HYR54JOB7XM','Wesley','Hendrix','Sed.congue@fringilla.org'),(74,'user74','IQV68GFV4AM','Odysseus','Mullins','sed@Donecconsectetuermauris.ca'),(75,'user75','OMU61TJC8AD','Ronan','Whitley','libero.Proin@mauris.org'),(76,'user76','WFS12EEM4UH','Lacey','Mckay','Aliquam.nisl@fermentum.com'),(77,'user77','GWB79QEE2IQ','Tatum','Albert','erat.Sed.nunc@consectetuermaurisid.org'),(78,'user78','KHI59HHT9FE','Savannah','Jordan','iaculis@necligula.edu'),(79,'user79','BIE95CPB3DE','Hu','Valenzuela','molestie@in.edu'),(80,'user80','PRP75VTP4AF','Elaine','Stevenson','lorem.lorem.luctus@Nunc.co.uk'),(81,'user81','PBZ28VOM6OE','Ivana','Castaneda','non.sapien@ullamcorper.ca'),(82,'user82','UQS91UEP0JY','Yvonne','Sears','magnis@gravidaAliquam.net'),(83,'user83','HKM65OLJ7AD','Jin','Calderon','diam@dolor.net'),(84,'user84','NTS00CMU4VG','Bevis','Meyers','eros.Proin@egestasAliquamfringilla.edu'),(85,'user85','KAV25CJM4FR','Cooper','Woodard','vitae@ut.com'),(86,'user86','NSU60OVC6WY','Hammett','Spence','et.magnis.dis@luctusfelispurus.org'),(87,'user87','LNZ58UHR5KO','Paul','Ingram','facilisis.eget.ipsum@ac.edu'),(88,'user88','DFE90YPN9SP','Ahmed','Sparks','Lorem.ipsum.dolor@Phasellus.com'),(89,'user89','JHC51VYT1WG','Roary','Jimenez','ultrices.Vivamus@consequatenim.org'),(90,'user90','VWA92FDP7LP','Idona','Aguilar','vehicula@urnaetarcu.org'),(91,'user91','UHO68QPJ8LG','Miranda','Holland','ut.pharetra@tinciduntadipiscingMauris.co.uk'),(92,'user92','CER03IJW8BB','Galvin','Decker','Cum.sociis.natoque@Utsemper.edu'),(93,'user93','HNQ85MCT4WH','Beau','Wade','pede.nonummy@facilisisloremtristique.com'),(94,'user94','BCV86TPR6FI','Yetta','Gomez','pellentesque.tellus@scelerisquenequesed.edu'),(95,'user95','EFI33LPV3DA','Maggie','Sargent','litora@conubianostraper.org'),(96,'user96','LPX08FSR7KZ','Zane','Moore','enim@Fusce.com'),(97,'user97','QSL10MKR7LL','India','Jensen','magnis.dis.parturient@inaliquet.org'),(98,'user98','KMA39DVP2HW','Shelly','Greene','quam@pretiumet.org'),(99,'user99','VBW38CHH6NZ','Breanna','Rosales','Nullam@eu.com'),(100,'user100','EYP07ZVF5PI','Avye','Ware','auctor.non.feugiat@nequeMorbi.co.uk');
;

insert into author
(id, name, birth_place, birthday, twitter, image_url, website, bio)
values
(1, 'Suzanne Collins', 'Hartford, Connecticut, The United States', '1962-08-11',null,null,
 'http://suzannecollinsbooks.com/', null),
(2, 'J.K. Rowling', 'Yate, South Gloucestershire, England, The United Kingdom', '1965-07-31',
 'jk_rowling', 'https://images.gr-assets.com/authors/1596216614p5/1077326.jpg',
 'http://www.jkrowling.com',
 'Although she writes under the pen name J.K. Rowling, pronounced like rolling, her name when her first Harry Potter book was published was simply Joanne Rowling. Anticipating that the target audience of young boys might not want to read a book written by a woman, her publishers demanded that she use two initials, rather than her full name. As she had no middle name, she chose K as the second initial of her pen name, from her paternal grandmother Kathleen Ada Bulgen Rowling. She calls herself Jo and has said, "No one ever called me ''Joanne'' when I was young, unless they were angry." Following her marriage, she has sometimes used the name Joanne Murray when conducting personal business. During the Leveson Inquiry she gave evidence under the name of Joanne Kathleen Rowling. In a 2012 interview, Rowling noted that she no longer cared that people pronounced her name incorrectly.

Rowling was born to Peter James Rowling, a Rolls-Royce aircraft engineer, and Anne Rowling (née Volant), on 31 July 1965 in Yate, Gloucestershire, England, 10 miles (16 km) northeast of Bristol. Her mother Anne was half-French and half-Scottish. Her parents first met on a train departing from King''s Cross Station bound for Arbroath in 1964. They married on 14 March 1965. Her mother''s maternal grandfather, Dugald Campbell, was born in Lamlash on the Isle of Arran. Her mother''s paternal grandfather, Louis Volant, was awarded the Croix de Guerre for exceptional bravery in defending the village of Courcelles-le-Comte during the First World War.

Rowling''s sister Dianne was born at their home when Rowling was 23 months old. The family moved to the nearby village Winterbourne when Rowling was four. She attended St Michael''s Primary School, a school founded by abolitionist William Wilberforce and education reformer Hannah More. Her headmaster at St Michael''s, Alfred Dunn, has been suggested as the inspiration for the Harry Potter headmaster Albus Dumbledore.

As a child, Rowling often wrote fantasy stories, which she would usually then read to her sister. She recalls that: "I can still remember me telling her a story in which she fell down a rabbit hole and was fed strawberries by the rabbit family inside it. Certainly the first story I ever wrote down (when I was five or six) was about a rabbit called Rabbit. He got the measles and was visited by his friends, including a giant bee called Miss Bee." At the age of nine, Rowling moved to Church Cottage in the Gloucestershire village of Tutshill, close to Chepstow, Wales. When she was a young teenager, her great aunt, who Rowling said "taught classics and approved of a thirst for knowledge, even of a questionable kind," gave her a very old copy of Jessica Mitford''s autobiography, Hons and Rebels. Mitford became Rowling''s heroine, and Rowling subsequently read all of her books.

Rowling has said of her teenage years, in an interview with The New Yorker, "I wasn’t particularly happy. I think it’s a dreadful time of life." She had a difficult homelife; her mother was ill and she had a difficult relationship with her father (she is no longer on speaking terms with him). She attended secondary school at Wyedean School and College, where her mother had worked as a technician in the science department. Rowling said of her adolescence, "Hermione [a bookish, know-it-all Harry Potter character] is loosely based on me. She''s a caricature of me when I was eleven, which I''m not particularly proud of." Steve Eddy, who taught Rowling English when she first arrived, remembers her as "not exceptional" but "one of a group of girls who were bright, and quite good at English." Sean Harris, her best friend in the Upper Sixth owned a turquoise Ford Anglia, which she says inspired the one in her books.'),
(3, 'Stephenie Meyer', 'Connecticut, The United States', '1973-12-24',null,
 'https://images.gr-assets.com/authors/1596739281p5/941441.jpg','http://www.stepheniemeyer.com/',
 null),
(4, 'Harper Lee',null,null,null,null,null,null),
(5, 'F. Scott Fitzgerald',null,null,null,null,null,null),
(6, 'John Green',null,null,null,null,null,null),
(7, 'J.R.R. Tolkien',null,null,null,null,null,null),
(8, 'J.D. Salinger',null,null,null,null,null,null),
(9,'Dan Brown',null,null,null,null,null,null),
(10,'Jane Austen',null,null,null,null,null,null),
(11,'Khaled Hosseini',null,null,null,null,null,null),
(12,'Veronica Roth',null,null,null,null,null,null),
(13,'George Orwell',null,null,null,null,null,null),
(14,'Anne Frank',null,null,null,null,null,null),
(15,'Alice Sebold',null,null,null,null,null,null),
(16,'William Golding',null,null,null,null,null,null),
(17,'Gillian Flynn',null,null,null,null,null,null),
(18,'Kathryn Stockett',null,null,null,null,null,null),
(19,'John Steinbeck',null,null,null,null,null,null),
(20,'Mitch Albom',null,null,null,null,null,null),
(21,'Arthur Golden',null,null,null,null,null,null),
(22,'E.L. James',null,null,null,null,null,null),
(23,'Lois Lowry',null,null,null,null,null,null),
(24,'Audrey Niffenegger',null,null,null,null,null,null),
(25,'George R.R. Martin',null,null,null,null,null,null),
(26,'Elizabeth Gilbert',null,null,null,null,null,null),
(27,'Rick Riordan',null,null,null,null,null,null),
(28,'Louisa May Alcott', 'Germantown, Pennsylvania, The United States', '1888-03-06',null,
 'https://images.gr-assets.com/authors/1200326665p5/1315.jpg', 'http://www.louisamayalcott.org',
 null),
(29,'Nicholas Sparks', 'Omaha, Nebraska, The United States', null, 'SparksNicholas',
 'https://images.gr-assets.com/authors/1591799426p5/2345.jpg', 'http://www.nicholassparks.com/',
 null),
(30,'Yann Martel', 'Salamanca, Spain', '1963-06-25', 'WriterYann',
 'https://images.gr-assets.com/authors/1454012903p5/811.jpg', null,
 null)
;




insert into book
(id, isbn, author_id, title, image_url )
values
(1,'439023483',1,'The Hunger Games (The Hunger Games #1)','https://images.gr-assets.com/books/1447303603m/2767052.jpg'),
(2,'439554934',2,'Harry Potter and the Sorcerer''s Stone (Harry Potter, #1)',
 'https://images.gr-assets.com/books/1474154022m/3.jpg'),
(3,'316015849',3,'Twilight (Twilight, #1)','https://images.gr-assets.com/books/1361039443m/41865.jpg'),
(4,'61120081',4,'To Kill a Mockingbird','https://images.gr-assets.com/books/1361975680m/2657.jpg'),
(5,'743273567',5,'The Great Gatsby','https://images.gr-assets.com/books/1490528560m/4671.jpg'),
(6,'525478817',6,'The Fault in Our Stars','https://images.gr-assets.com/books/1360206420m/11870085.jpg'),
(7,'618260307',7,'The Hobbit','https://images.gr-assets.com/books/1372847500m/5907.jpg'),
(8,'316769177',8,'The Catcher in the Rye','https://images.gr-assets.com/books/1398034300m/5107.jpg'),
(9,'1416524797',9,'Angels & Demons  (Robert Langdon, #1)','https://images.gr-assets.com/books/1303390735m/960.jpg'),
(10,'679783261',10,'Pride and Prejudice','https://images.gr-assets.com/books/1320399351m/1885.jpg'),
(11,'1594480001',11,'The Kite Runner','https://images.gr-assets.com/books/1484565687m/77203.jpg'),
(12,'62024035',12,'Divergent (Divergent, #1)','https://images.gr-assets.com/books/1328559506m/13335037.jpg'),
(13,'451524934',13,'1984','https://images.gr-assets.com/books/1348990566m/5470.jpg'),
(15,'553296981',14,'The Diary of a Young Girl','https://images.gr-assets.com/books/1358276407m/48855.jpg'),
(17,'439023491',1,'Catching Fire (The Hunger Games, #2)','https://images.gr-assets.com/books/1358273780m/6148028.jpg'),
(18,'043965548X',2,'Harry Potter and the Prisoner of Azkaban (Harry Potter\, #3)','https://images.gr-assets.com/books/1499277281m/5.jpg'),
(19,'618346252',7,'The Fellowship of the Ring (The Lord of the Rings\, #1)','https://images.gr-assets.com/books/1298411339m/34.jpg'),
(20,'439023513',1,'Mockingjay (The Hunger Games, #3)','https://images.gr-assets.com/books/1358275419m/7260188.jpg'),
(21,'439358078',2,'Harry Potter and the Order of the Phoenix (Harry Potter\, #5)','https://images.gr-assets.com/books/1387141547m/2.jpg'),
(22,'316166685',15,'The Lovely Bones','https://images.gr-assets.com/books/1457810586m/12232938.jpg'),
(23,'439064864',2,'Harry Potter and the Chamber of Secrets (Harry Potter\, #2)','https://images.gr-assets.com/books/1474169725m/15881.jpg'),
(24,'439139600',2,'Harry Potter and the Goblet of Fire (Harry Potter\, #4)','https://images.gr-assets.com/books/1361482611m/6.jpg'),
(25,'545010225',2,'Harry Potter and the Deathly Hallows (Harry Potter\, #7)','https://images.gr-assets.com/books/1474171184m/136251.jpg'),
(26,'307277674',9,'The Da Vinci Code (Robert Langdon, #2)','https://images.gr-assets.com/books/1303252999m/968.jpg'),
(27,'439785960',2,'Harry Potter and the Half-Blood Prince (Harry Potter, #6)','https://images.gr-assets.com/books/1361039191m/1.jpg'),
(28,'140283331',16,'Lord of the Flies','https://images.gr-assets.com/books/1327869409m/7624.jpg'),
(30,'297859382',17,'Gone Girl','https://images.gr-assets.com/books/1339602131m/8442457.jpg'),
(31,'399155341',18,'The Help','https://images.gr-assets.com/books/1346100365m/4667024.jpg'),
(32,'142000671',19,'Of Mice and Men','https://images.gr-assets.com/books/1437235233m/890.jpg'),
(33,'739326228',21,'Memoirs of a Geisha','https://s.gr-assets.com/assets/nophoto/book/111x148-bcc042a9c91a29c1d680899eff700a03.png'),
(34,'1612130291',22,'Fifty Shades of Grey (Fifty Shades\, #1)','https://images.gr-assets.com/books/1385207843m/10818853.jpg'),
(36,'385732554',23,'The Giver (The Giver, #1)','https://images.gr-assets.com/books/1342493368m/3636.jpg'),
(38,'965818675',24,'The Time Traveler''s Wife','https://images.gr-assets.com/books/1437728815m/14050.jpg'),
(39,'553588486',25,'A Game of Thrones (A Song of Ice and Fire\, #1)','https://images.gr-assets.com/books/1436732693m/13496.jpg'),
(40,'143038419',26,'Eat\, Pray\, Love','https://images.gr-assets.com/books/1503066414m/19501.jpg'),
(41,'786838655',27,'The Lightning Thief (Percy Jackson and the Olympians\, #1)','https://images.gr-assets.com/books/1400602609m/28187.jpg'),
(42,'451529308',28,'Little Women (Little Women\, #1)','https://s.gr-assets.com/assets/nophoto/book/111x148-bcc042a9c91a29c1d680899eff700a03.png'),
(44,'553816713',29,'The Notebook (The Notebook\, #1)','https://images.gr-assets.com/books/1385738917m/15931.jpg'),
(45,'770430074',30,'Life of Pi','https://images.gr-assets.com/books/1320562005m/4214.jpg'),
(49,'316160199',3,'New Moon (Twilight, #2)','https://images.gr-assets.com/books/1361039440m/49041.jpg'),
(52,'316160202',3,'Eclipse (Twilight, #3)','https://images.gr-assets.com/books/1361038355m/428263.jpg'),
(56,'031606792X',3,'Breaking Dawn (Twilight, #4)','https://images.gr-assets.com/books/1361039438m/1162543.jpg'),
(67,'1594489505',11,'A Thousand Splendid Suns','https://images.gr-assets.com/books/1345958969m/128029.jpg'),
(69,'7442912',12,'Insurgent (Divergent, #2)','https://images.gr-assets.com/books/1325667729m/11735983.jpg'),
(73,'316068047',3,'The Host (The Host, #1)','https://images.gr-assets.com/books/1318009171m/1656001.jpg'),
(74,'142402516',6,'Looking for Alaska','https://images.gr-assets.com/books/1394798630m/99561.jpg'),
(88,'014241493X',6,'Paper Towns','https://images.gr-assets.com/books/1349013610m/6442769.jpg'),
(96,'345803507',22,'Fifty Shades Freed (Fifty Shades, #3)','https://images.gr-assets.com/books/1336418837m/13536860.jpg'),
(99,'1612130585',22,'Fifty Shades Darker (Fifty Shades\, #2)','https://images.gr-assets.com/books/1358266080m/11857408.jpg'),
(105,'7524277',12,'Allegiant (Divergent, #3)','https://images.gr-assets.com/books/1395582745m/18710190.jpg'),
(107,'446693804',29,'A Walk to Remember','https://images.gr-assets.com/books/1385738968m/3473.jpg'),
(110,'553381695',25,'A Clash of Kings  (A Song of Ice and Fire\, #2)','https://images.gr-assets.com/books/1358254974m/10572.jpg'),
(131,'142000663',19,'The Grapes of Wrath','https://images.gr-assets.com/books/1352912927m/4395.jpg'),
(132,'1401308589',20,'The Five People You Meet in Heaven','https://s.gr-assets.com/assets/nophoto/book/111x148-bcc042a9c91a29c1d680899eff700a03.png'),
(135,'055357342X',25,'A Storm of Swords (A Song of Ice and Fire\, #3)','https://images.gr-assets.com/books/1497931121m/62291.jpg'),
(145,'671027387',9,'Deception Point','https://s.gr-assets.com/assets/nophoto/book/111x148-bcc042a9c91a29c1d680899eff700a03.png'),
(151,'786856866',27,'The Sea of Monsters (Percy Jackson and the Olympians\, #2)','https://images.gr-assets.com/books/1400602661m/28186.jpg'),
(152,'446528056',29,'Dear John','https://images.gr-assets.com/books/1397749854m/5526.jpg'),
(155,'618346260',7,'The Two Towers (The Lord of the Rings, #2)','https://images.gr-assets.com/books/1298415523m/15241.jpg'),
(159,'1423101464',27,'The Battle of the Labyrinth (Percy Jackson and the Olympians\, #4)','https://images.gr-assets.com/books/1443142158m/2120932.jpg'),
(161,'345339738',7,'The Return of the King (The Lord of the Rings\, #3)','https://images.gr-assets.com/books/1389977161m/18512.jpg'),
(163,'142311339X',27,'The Lost Hero (The Heroes of Olympus, #1)','https://images.gr-assets.com/books/1464201003m/7736182.jpg'),
(165,'055358202X',25,'A Feast for Crows (A Song of Ice and Fire\, #4)','https://images.gr-assets.com/books/1429538615m/13497.jpg'),
(169,'446547565',29,'The Last Song','https://images.gr-assets.com/books/1286549186m/6400090.jpg'),
(170,'552151696',9,'Digital Fortress','https://images.gr-assets.com/books/1360095966m/11125.jpg'),
(175,'739380338',27,'The Last Olympian (Percy Jackson and the Olympians, #5)','https://images.gr-assets.com/books/1327924597m/4502507.jpg'),
(188,'',25,'A Dance with Dragons (A Song of Ice and Fire, #5)','https://images.gr-assets.com/books/1327885335m/10664113.jpg'),
(189,'618640150',7,'The Lord of the Rings (The Lord of the Rings, #1-3)','https://images.gr-assets.com/books/1411114164m/33.jpg'),
(201,'385504225',9,'The Lost Symbol (Robert Langdon, #3)','https://images.gr-assets.com/books/1358274396m/6411961.jpg'),
(214,'141382899',27,'The Titan''s Curse (Percy Jackson and the Olympians, #3)','https://images.gr-assets.com/books/1361038385m/561456.jpg'),
(225,'142000655',19,'East of Eden','https://images.gr-assets.com/books/1441547516m/4406.jpg'),
(226,'307341569',17,'Dark Places','https://images.gr-assets.com/books/1354988288m/5886881.jpg'),
(240,'385537859',9,'Inferno (Robert Langdon, #4)','https://images.gr-assets.com/books/1397093185m/17212231.jpg'),
(241,'440227534',23,'Number the Stars','https://images.gr-assets.com/books/1370917812m/47281.jpg'),
(244,'307341542',17,'Sharp Objects','https://images.gr-assets.com/books/1423241485m/66559.jpg'),
(275,'525476881',6,'An Abundance of Katherines','https://images.gr-assets.com/books/1360206426m/49750.jpg'),
(286,'446579939',29,'The Lucky One','https://images.gr-assets.com/books/1420816338m/3063499.jpg'),
(294,'1423140591',27,'The Son of Neptune (The Heroes of Olympus, #2)','https://images.gr-assets.com/books/1464201114m/9520360.jpg'),
(302,'044654759X',29,'Safe Haven','https://images.gr-assets.com/books/1344268800m/7812659.jpg'),
(359,'159463176X',11,'And the Mountains Echoed','https://images.gr-assets.com/books/1358190204m/16115612.jpg'),
(420,'446676071',29,'Message in a Bottle','https://images.gr-assets.com/books/1163789140m/3478.jpg'),
(428,'1423140605',27,'The Mark of Athena (The Heroes of Olympus, #3)','https://images.gr-assets.com/books/1464201354m/12127750.jpg'),
(552,'446696129',29,'The Rescue','https://s.gr-assets.com/assets/nophoto/book/111x148-bcc042a9c91a29c1d680899eff700a03.png'),
(370,'1423113381',27,'The Red Pyramid (Kane Chronicles, #1)','https://images.gr-assets.com/books/1366227978m/7090447.jpg'),
(571,'446696110',29,'The Guardian','https://images.gr-assets.com/books/1388195339m/15925.jpg'),
(622,'446612707',29,'Nights in Rodanthe','https://images.gr-assets.com/books/1328145638m/15926.jpg'),
(533,'62409859',4,'Go Set a Watchman','https://images.gr-assets.com/books/1451442088m/24817626.jpg'),
(683,'446696137',29,'A Bend in the Road','https://s.gr-assets.com/assets/nophoto/book/111x148-bcc042a9c91a29c1d680899eff700a03.png'),
(684,'1423146727',27,'The House of Hades (The Heroes of Olympus, #4)','https://images.gr-assets.com/books/1464201430m/12127810.jpg'),
(686,'446615862',29,'The Wedding (The Notebook, #2)','https://images.gr-assets.com/books/1385738787m/3466.jpg'),
(716,'446579920',29,'The Choice','https://images.gr-assets.com/books/1385739133m/531350.jpg'),
(784,'1401303277',20,'For One More Day','https://s.gr-assets.com/assets/nophoto/book/111x148-bcc042a9c91a29c1d680899eff700a03.png'),
(709,'316767727',8,'Nine Stories','https://s.gr-assets.com/assets/nophoto/book/111x148-bcc042a9c91a29c1d680899eff700a03.png'),
(730,'142000698',19,'The Pearl','https://images.gr-assets.com/books/1437234939m/5308.jpg'),
(732,'031612558X',3,'The Short Second Life of Bree Tanner: An Eclipse Novella (Twilight\, #3.5)','https://images.gr-assets.com/books/1274335680m/7937462.jpg'),
(821,'446547654',29,'The Best of Me','https://images.gr-assets.com/books/1301685366m/10766509.jpg'),
(843,'345803574',22,'Fifty Shades Trilogy (Fifty Shades\, #1-3)','https://images.gr-assets.com/books/1431573483m/13584236.jpg'),
(856,'385732562',23,'Gathering Blue (The Giver\, #2)','https://s.gr-assets.com/assets/nophoto/book/111x148-bcc042a9c91a29c1d680899eff700a03.png'),
(1083,'033041836X',15,'Lucky','https://images.gr-assets.com/books/1327190847m/82970.jpg'),
(1045,'62285688',12,'Four: A Divergent Story Collection (Divergent\, #0.1 - 0.4)','https://images.gr-assets.com/books/1393687572m/18126198.jpg'),
(1098,'1455520659',29,'The Longest Ride','https://images.gr-assets.com/books/1367536453m/17407748.jpg'),
(1104,'1101946342',22,'Grey (Fifty Shades\, #4)','https://images.gr-assets.com/books/1433182986m/25644601.jpg'),
(1152,'1401322786',20,'The Time Keeper','https://images.gr-assets.com/books/1340478576m/13624688.jpg'),
(1161,'014200068X',19,'Cannery Row','https://s.gr-assets.com/assets/nophoto/book/111x148-bcc042a9c91a29c1d680899eff700a03.png'),
(1184,'068480154X',5,'Tender Is the Night','https://images.gr-assets.com/books/1438797669m/46164.jpg'),
(1197,'006223742X',12,'Free Four: Tobias Tells the Divergent Knife-Throwing Scene (Divergent\, #1.5)','https://images.gr-assets.com/books/1399503802m/13615258.jpg'),
(1271,'670024856',26,'The Signature of All Things','https://images.gr-assets.com/books/1364277893m/17465453.jpg'),
(1290,'385732538',23,'Messenger (The Giver\, #3)','https://s.gr-assets.com/assets/nophoto/book/111x148-bcc042a9c91a29c1d680899eff700a03.png'),
(1359,'1423140575',27,'The Serpent''s Shadow (Kane Chronicles\, #3)','https://images.gr-assets.com/books/1366227982m/12893742.jpg'),
(1414,'044669651X',29,'True Believer (Jeremy Marsh & Lexie Darnell\, #1)','https://images.gr-assets.com/books/1385739017m/3464.jpg'),
(1440,'786868724',20,'Have a Little Faith: a True Story','https://s.gr-assets.com/assets/nophoto/book/111x148-bcc042a9c91a29c1d680899eff700a03.png'),
(1459,'446698466',29,'At First Sight (Jeremy Marsh & Lexie Darnell\, #2)','https://s.gr-assets.com/assets/nophoto/book/111x148-bcc042a9c91a29c1d680899eff700a03.png'),
(1481,'224085611',24,'Her Fearful Symmetry','https://images.gr-assets.com/books/1327939087m/6202342.jpg'),
(1496,'7119550',25,'A Storm of Swords: Blood and Gold (A Song of Ice and Fire\, #3: Part 2 of 2)','https://images.gr-assets.com/books/1354567206m/147915.jpg'),
(2149,'345529057',25,'A Song of Ice and Fire (A Song of Ice and Fire\, #1-4)','https://images.gr-assets.com/books/1328046798m/9814682.jpg'),
(2304,'684843781',5,'This Side of Paradise','https://s.gr-assets.com/assets/nophoto/book/111x148-bcc042a9c91a29c1d680899eff700a03.png'),
(2420,'142312166X',27,'The Demigod Files (Percy Jackson and the Olympians)','https://images.gr-assets.com/books/1293421593m/3992598.jpg'),
(2455,'670021652',26,'Committed: A Skeptic Makes Peace with Marriage','https://images.gr-assets.com/books/1472258183m/6728738.jpg'),
(2457,'62285637',12,'The Transfer (Divergent\, #0.1)','https://images.gr-assets.com/books/1420493627m/18080920.jpg'),
(2580,'1455520616',29,'See Me','https://images.gr-assets.com/books/1439564033m/24820165.jpg'),
(2601,'',19,'The Red Pony','https://images.gr-assets.com/books/1391231816m/8732.jpg'),
(3526,'148473274X',27,'The Hidden Oracle (The Trials of Apollo\, #1)','https://images.gr-assets.com/books/1449765273m/26252859.jpg'),
(3550,'316677469',15,'The Almost Moon','https://images.gr-assets.com/books/1310421579m/783291.jpg'),
(3580,'1406954365',28,'Little Men (Little Women\, #2)','https://s.gr-assets.com/assets/nophoto/book/111x148-bcc042a9c91a29c1d680899eff700a03.png'),
(3775,'',25,'A Game of Thrones / A Clash of Kings (A Song of Ice and Fire\, #1-2)','https://images.gr-assets.com/books/1336020650m/5061675.jpg'),
(4088,'316043125',3,'The Twilight Saga: The Official Illustrated Guide (Twilight\, #4.5)','https://images.gr-assets.com/books/1344265906m/3609763.jpg'),
(4720,'439791464',1,'Gregor and the Marks of Secret (Underland Chronicles\, #4)','https://images.gr-assets.com/books/1397854344m/319644.jpg'),
(5296,'',3,'The Chemist','https://images.gr-assets.com/books/1468944057m/31176886.jpg'),
(4496,'593054601',9,'Angels and Demons / The Da Vinci Code (Robert Langdon\, #1-2)','https://s.gr-assets.com/assets/nophoto/book/111x148-bcc042a9c91a29c1d680899eff700a03.png'),
(4653,'140259449',10,'The Complete Novels','https://s.gr-assets.com/assets/nophoto/book/111x148-bcc042a9c91a29c1d680899eff700a03.png'),
(5393,'',12,'The Initiate (Divergent\, #0.2)','https://s.gr-assets.com/assets/nophoto/book/111x148-bcc042a9c91a29c1d680899eff700a03.png'),
(7826,'141185538',19,'The Moon Is Down','https://images.gr-assets.com/books/1327961310m/12722.jpg'),
(6227,'62294415',20,'The Magic Strings of Frankie Presto','https://images.gr-assets.com/books/1426364478m/25142924.jpg'),
(8740,'1419122126',28,'Good Wives (Little Women\, #1.5)','https://images.gr-assets.com/books/1282713827m/78960.jpg'),
(8888,'1406501069',28,'An Old-Fashioned Girl','https://s.gr-assets.com/assets/nophoto/book/111x148-bcc042a9c91a29c1d680899eff700a03.png'),
(9486,'',22,'Fifty Shades Duo: Fifty Shades Darker / Fifty Shades Freed (Fifty Shades\, #2-3)','https://images.gr-assets.com/books/1350174326m/16084702.jpg'),
(9740,'955944686',27,'Percy Jackson and the Sword of Hades (Percy Jackson and the Olympians\, #4.5)','https://images.gr-assets.com/books/1327349413m/4837112.jpg'),
(9974,'553153382',23,'Anastasia Krupnik (Anastasia Krupnik\, #1)','https://images.gr-assets.com/books/1476942137m/116494.jpg'),
(8487,'1484721349',27,'The Staff of Serapis (Percy Jackson & Kane Chronicles Crossover #2)','https://images.gr-assets.com/books/1397002787m/18752959.jpg'),
(6356,'7466064',25,'A Dance with Dragons: Dreams and Dust (A Song of Ice and Fire #5\, Part 1 of 2)','https://images.gr-assets.com/books/1331401651m/13337715.jpg'),
(6497,'7466072',25,'A Dance with Dragons: After the Feast (A Song of Ice and Fire #5\, Part 2 of 2)','https://images.gr-assets.com/books/1327932256m/13337716.jpg'),
(7272,'1423160924',27,'The Hammer of Thor (Magnus Chase and the Gods of Asgard\, #2)','https://images.gr-assets.com/books/1463950690m/27904311.jpg'),
(4998,'1423194551',27,'The Son of Sobek (Percy Jackson & Kane Chronicles Crossover\, #1)','https://images.gr-assets.com/books/1367948073m/17312201.jpg'),
(5458,'1406501077',28,'Jo''s Boys (Little Women\, #3)','https://s.gr-assets.com/assets/nophoto/book/111x148-bcc042a9c91a29c1d680899eff700a03.png'),
(5219,'',29,'Two By Two','https://images.gr-assets.com/books/1461620101m/30002998.jpg'),
(6214,'62240080',12,'The Divergent Series 2-Book Collection (Divergent\, #1-2)','https://images.gr-assets.com/books/1341816250m/15743078.jpg'),
(6216,'1400069262',30,'Beatrice and Virgil','https://s.gr-assets.com/assets/nophoto/book/111x148-bcc042a9c91a29c1d680899eff700a03.png')
;


UPDATE book
SET
description = 'WINNING MEANS FAME AND FORTUNE.
LOSING MEANS CERTAIN DEATH.
THE HUNGER GAMES HAVE BEGUN. . . .

In the ruins of a place once known as North America lies the nation of Panem, a shining Capitol surrounded by twelve outlying districts. The Capitol is harsh and cruel and keeps the districts in line by forcing them all to send one boy and once girl between the ages of twelve and eighteen to participate in the annual Hunger Games, a fight to the death on live TV.

Sixteen-year-old Katniss Everdeen regards it as a death sentence when she steps forward to take her sister''s place in the Games. But Katniss has been close to dead before—and survival, for her, is second nature. Without really meaning to, she becomes a contender. But if she is to win, she will have to start making choices that weight survival against humanity and life against love. '
where id = 1;
;

UPDATE book
SET
    description = 'Harry Potter''s life is miserable. His parents are dead and he''s stuck with his heartless relatives, who force him to live in a tiny closet under the stairs. But his fortune changes when he receives a letter that tells him the truth about himself: he''s a wizard. A mysterious visitor rescues him from his relatives and takes him to his new home, Hogwarts School of Witchcraft and Wizardry.

After a lifetime of bottling up his magical powers, Harry finally feels like a normal kid. But even within the Wizarding community, he is special. He is the boy who lived: the only person to have ever survived a killing curse inflicted by the evil Lord Voldemort, who launched a brutal takeover of the Wizarding world, only to vanish after failing to kill Harry.

Though Harry''s first year at Hogwarts is the best of his life, not everything is perfect. There is a dangerous secret object hidden within the castle walls, and Harry believes it''s his responsibility to prevent it from falling into evil hands. But doing so will bring him into contact with forces more terrifying than he ever could have imagined.

Full of sympathetic characters, wildly imaginative situations, and countless exciting details, the first installment in the series assembles an unforgettable magical world and sets the stage for many high-stakes adventures to come. '
WHERE id = 2;

UPDATE book
SET
    description = 'About three things I was absolutely positive.

First, Edward was a vampire.

Second, there was a part of him—and I didn''t know how dominant that part might be—that thirsted for my blood.

And third, I was unconditionally and irrevocably in love with him.

Deeply seductive and extraordinarily suspenseful, Twilight is a love story with bite.'
WHERE id = 3;

UPDATE book
SET
    description = 'The unforgettable novel of a childhood in a sleepy Southern town and the crisis of conscience that rocked it, To Kill A Mockingbird became both an instant bestseller and a critical success when it was first published in 1960. It went on to win the Pulitzer Prize in 1961 and was later made into an Academy Award-winning film, also a classic.

Compassionate, dramatic, and deeply moving, To Kill A Mockingbird takes readers to the roots of human behavior - to innocence and experience, kindness and cruelty, love and hatred, humor and pathos. Now with over 18 million copies in print and translated into forty languages, this regional story by a young Alabama woman claims universal appeal. Harper Lee always considered her book to be a simple love story. Today it is regarded as a masterpiece of American literature.'
WHERE id = 4;

UPDATE book
SET
    description = 'The Great Gatsby, F. Scott Fitzgerald''s third book, stands as the supreme achievement of his career. This exemplary novel of the Jazz Age has been acclaimed by generations of readers. The story is of the fabulously wealthy Jay Gatsby and his new love for the beautiful Daisy Buchanan, of lavish parties on Long Island at a time when The New York Times noted "gin was the national drink and sex the national obsession," it is an exquisitely crafted tale of America in the 1920s.

The Great Gatsby is one of the great classics of twentieth-century literature.'
WHERE id = 5;

UPDATE book
SET
    description = 'The war against Voldemort is not going well; even Muggle governments are noticing. Ron scans the obituary pages of the Daily Prophet, looking for familiar names. Dumbledore is absent from Hogwarts for long stretches of time, and the Order of the Phoenix has already suffered losses.

And yet . . .

As in all wars, life goes on. The Weasley twins expand their business. Sixth-year students learn to Apparate - and lose a few eyebrows in the process. Teenagers flirt and fight and fall in love. Classes are never straightforward, through Harry receives some extraordinary help from the mysterious Half-Blood Prince.

So it''s the home front that takes center stage in the multilayered sixth installment of the story of Harry Potter. Here at Hogwarts, Harry will search for the full and complete story of the boy who became Lord Voldemort - and thereby find what may be his only vulnerability.'
WHERE id = 27;
































































